majoritã© franã§ais maintien eelv gouvernement	autre
dã©rive nã©o ottomanisme erdogan jeu dangereux	autre
traitã© europã©en fin sarkozy presse	autre
philippesollers trã¨s content leã¯la slimani goncourt ã©crivaine trã¨s crue trã¨s cruelle gallimard	autre
olbesancenot hollande gvt ps lã©gitime ã©tã© ã©lu loitravail couler pays onpc	autre
yousjerusalem mosquã©e al aqsã¢ jerusalem ville occupã©e confusion mosquã©e palestine	autre
meilleurpatissier commence ã§a fin annã©e lmp	mixte
osc apprã©cient outil ã©vitã© bã©nin prã©sidentielle googlealerts	autre
russie â€œgarajnikiâ€? symboles dã©brouillardise russe systemed anecdote urss	autre
jrs atentat ankara prã©sident turc recueille victimes morts blã©ssã©s ei suspect erdogan kebetu	autre
musulmans doiv importuner irak syrie erreurs attarde	mixte
mali vie gã©nocidaires rwandais ã  prison koulikoro	autre
leã§on ã©conomie dsk ã  cambridge attention parti pris politique people eco lesechos	autre
combat ã©cologie affaire ãªtre partisan eelv emidi	mixte
rattrapage ã©missions semaine ã©tait dimanche replay adp koh lanta repley semaine adp kohlanta repley	autre
lâ€™egypte retournera ã  lâ€™ã¨re hosni moubarak sahar fren	autre
arrive ã  reconnaã®tre grimaces cyril lignac genre millimã¨tre aime gã¢teau meilleurpatissier	autre
castingnational pr reinesdushopping munlimited amp klã©pierre centres commerciaux mbadmbtv	autre
financement pass navigo ã  tarif vpecresse menace lancer taxevalls	autre
camille reines shopping semaine mars mars bowling lomme bowlinglomme reinesdushopping	autre
henri guaino dã©ment prononcã© phrase vivant juppã© jamais candidat	autre
commã©moration lâ€™anniversaire dã©cã¨s bourguiba devoir sacrã© dã©clare marzouki	autre
attentat ankara prã©sident erdogan ordonne enquãªte ã©ventuelles failles etat cc semsberxwedan	autre
rouges enchaã®nent quenelles xf	mixte
acquis obtenus gouvernance bourguiba ã  voir nã©potisme corruption ben ali	autre
numericable lancer augmentation capital rachat sfr	autre
ue trouve accord prolonger sanctions russie kpakpatoya	autre
ue perd fortunes ã  cause lâ€™embargo russie francoisfillon ã  lâ€™avoir	mixte
â« jâ€™ai insultã© vestiaire coach peuple franã§ais insultait dã©jã  â» anelka domenech amourvache	autre
dsk frasques passionnantes ã©ditions spã©ciales tutti quanti ca rassure	mixte
sais drã´le habillage titre dsk quebec	mixte
saurel exclu ps prend mairie montpellier selfisoloir selfieisoloir	autre
bfmtv erdogan akp besoin tuã© ã©tre pouvoir ans volontã© turques erdogan ã  ã©tait	mixte
bfmtv poutine xff xffa travail face barbare soutenue france usa uk xfe xffc xfe xffc xf	mixte
psa malheureusement montebourg baguette magique phrase entendue dsk prã©sident jdcjdr	mixte
candidat allemand schulz candidat soutenu merkel juncker ue annonce allemande jamais	mixte
police municipale robert mã©nard dresse cow boys ã‰tat journal marseillaise	autre
affaire dsk accord nã©gociã©	autre
derniã¨re scã¨ne fast and furious pleure ã 	mixte
barack obama incruste ã  mariage temps francois hollande incruste xfc xffb	mixte
ãªtes ã  barrie samedi venez rencontrer bow dixons ã  lâ€™ã©vã©nement dâ€™accueil cibc ã 	autre
pah modã¨rne reinesdushopping	autre
trouve chance aime foot regarde walking dead fous kohlanta bref peur	mixte
poutine ã  merkel retirait troupes frontiã¨re ukrainienne prã©sentã© ã§a concession	autre
bfm business ciment fusion lafarge holcim annoncã©e lundi lg	autre
russie semaines syrie ã‰tats unis faire ans	mixte
voix ã©lã¨venet totalitarisme mr erdogan gilles kepel ankara ouimaisnon radiom	autre
actu nord calais remaniement arrageois pascal canfin europe ã©cologie verts	autre
fast and furious prã©fã¨re vo franã§ais	mixte
politique brexit david cameron grand pã¨re juif trã¨s ã©tã© apprã©ciã© israã«l	autre
jccambadelis nicolas sarkozy crã©dible utilise mãªme langage fn	autre
info arabes russes bcp soldats ei quittent syrie rasent rejoignent flots migrants turquie intervention merckel	mixte
the walking koh lanta restera	mixte
carlton new york dsk honneur rã©publicaine commenter clermont	autre
bilan sã©curitã© trã¨s satisfaisant prã©fecture aprã¨s cropor ã  bollaert euro	autre
tard passerai ã  the voice chanterai hymne javier pastore	autre
air france allã© chercher cahuzac sarkozy lit sociã©tã© vã­a lepoint	autre
â€œla nouvelle conquãªte dsk myriam lâ€™aouffir manager ã  france tã©lã©visions cã©libataire	autre
cã©cile duflot crois dsk mesure donner leã§ons	autre
voulez voir dieudonnã© scã¨ne jamais	autre
intervention russe syrie troisiã¨me guerre mondiale lieu huffpostquebec	autre
gars rã©alisã© saison true detective mãªme fast and furious	autre
â« situation ã©conomique pays trã¨s dã©licate taux chã´mage â»	autre
paris veut lever pied baisse dã©ficits bce sâ€™agace latribune	autre
dsk explique vie sã©nateurs monde mã©chants monde gentils	autre
valls larmes yeux dsk menottã© mãªme ã©motion jeunesse quotidiennement humiliã©e citã©s plenel	autre
dieudonnã© bãªte noire reportage fr youtube	autre
france ebola air france suspendre provisoirement vols freetown dã¨s demain	autre
jã©rã´me lavrilleux â«nicolas sarkozy mentâ»	autre
nsa merkel ã  timochenko â“question allemandeâ” snowden	autre
barack obama annonce dã©ploiement militaires cameroun	autre
impact brexit ã©conomie russe critique sputnik fr	autre
lafarge embrasse suisse	autre
rtl jo sotchi rattachement crimã©e russes vã©nã¨rent poutine jamais	autre
meilleurpatissier xfd	autre
prãªche dâ€™un imam koweitien prãªche oã¹ distille haine dâ€™israã«l oã¹ demande	autre
urgent prã©sident erdogan diffã©rence bombe daech exploser ã  suruc pkk ã  gaziantep	autre
rã©vision liste ã©lectorale cã´te ivoire cnc rã©clame formulaires afrikipresse	autre
primaire mauvaise excuse sarkozy veut rã©duire nombre bureaux vote politique lepoint	autre
franã§ois hollande contenter simple remaniement ump	mixte
rt lemondefr attentats dâ€™ankara erdogan admet probables â« fautes â» pouvoir	autre
faut arriver ã  faire coque chocolat meilleurpatissier	autre
divisã© rã¨gle syrie turquie pays union turco islamique enrichir russie amf	mixte
poutine soutient assad gouvernement lã©gitime syrie siã©geant ã  onu	mixte
minutes comprendre syrie gaz bataille vã­a youtube	autre
emmanuel macron propose projet europã©en post brexit	autre
montage musique alliage lã  dals tpmp cyrilhanouna	autre
â« obama nâ€™arrive ã  condamner palestiniens actes terroristes â»	autre
monde fr chinois meurent jours pollution lâ€™air ã©tude reposant	autre
ã‰tats unis bernie sanders cumule donateurs obama approche clinton	autre
dsk affaire lã  votã© instantanã© campagne vidã©o avelo	autre
ebene magazine fr libye lâ€™etat islamique acculã© fief syrte libya pro government forces	autre
ã€ lâ€™inverse ã©lites bachar el assad saurait ãªtre accusã© dâ€™avoir bradã© pays ã  puiss ã©trangã¨res	autre
meilleurpatissier angoisse dã©moulages cuit fini massacrã©s mega gã¢teaux supplice tt ã§a xf	mixte
reportage ã  ankara â€œles policiers attaquã© tentaient dâ€™aider blessã©s â€? erdogan turquie	autre
lematin erdogan recueille lieux attentat feu critiques prã©sident turc	autre
robert mã©nard maire apã´tre messe journal marseillaise	autre
heures ch syrie pentagone affirme tuã© chef groupe khorasan frappe dh be chef	autre
part gã¢teau burger burgerkingfr xa	autre
hitler ã©tait gentil femmes picasso commentaire vice serbe job dsk ã  belgrade	autre
finalement krychowiak psg ã§a dã©range vince janssen doublure cavani feu	mixte
gagnant kohlanta thailande	autre
maire kurde hinis hasan basri firat reprã©sentant kurde ã©tã© emprisonnã©s rã©gime erdogan	autre
mikhail sergachev dã©fenseur spã©cial nâ€™est russe typique souriant logan brown coã©quipier gohabsgo	autre
â€œqu erdogan compare daech pkk insupportable nâ€™ont mãªme histoire mm actionsâ€? billion turquie min	autre
hollande condamne violence patronale voir interpellation cgt stx syndicalisme	autre
depardieu jouer dsk aime â€ž acteur gã©rard depardieu acceptã© incarner person	autre
video brexit nicolas sarkozy envisage rã©fã©rendum traitã© europã©en francetvinfo	autre
juin manif donne rdv ã  invalides ã 	autre
rã©plique hollande comparaison ã  berlusconi tf bfmtv comrã©plique hollande compa	autre
followers gagnant the voice entenduã€larã©dac	autre
lâ€™iphone interdit chine ã  cause dâ€™une sociã©tã© fantã´me	autre
savez jã©rã´me cahuzac lâ€™avocate femme soeur jean franã§ois copã©	autre
opposition turque intensifie attaques erdogan	autre
face ã  dã©saveu prã©cã©dent prã©sident rã©publique choisi change sarko sarkozy ump	autre
ã©quipe france tennis ã  minutes ok ok	autre
benoã®t hamon hollande changera positon voilã  vraie diffã©rence dsk	mixte
concerne homophobie foi mdr mãªme racisme	mixte
replay amitiã© compassion acharnement elkabbach cadre interview berlusconi lgj	mixte
hidalgo nkm suspens ã©tait hidalgo allait passer	mixte
fanatique condamnã© voulu tuer obama	autre
amã©liorer relations tendues chine taã¯wan comrp	autre
jai jamais geste ã©tait anti systã¨me geste anelka	autre
gouvernement calcul politique instrumentaliser euro loitravail olbesancenot onpc france	autre
exprã¨s descendre caroreceveur donner intã©rãªt ã  compet grave dals	mixte
visite dâ€™erdogan ã  bruxelles malaise coulisse buzz video	autre
syndicaliste cgt refuse serrer main franã§ois hollande confiance ã  politiciens	autre
om marseillais pensent dã©jã  ã  saison teamom ligue om	autre
coup dalle mieux saccage mairie rã©pliquent pompiers	autre
attentats turquie erdogan admet probables fautes pouvoir	autre
video gaza cessez feu fãªtã© feu artifice francetvinfo	autre
faureolivier revient derniã¨re journã©e jm ayrault ministre	autre
compã©tents prochain gvt zimmeray quai orsay lallonde ã  ã©cologie fabius ã  bercy remaniement	mixte
veux faire peur chiffre semblerait match ã  paris bcp serrã© prevu nkm hidalgo	mixte
turquie erdogan accusã© ãªtre responsable attentat ankara opposition turque intensifiã© attaqu	autre
turquie attentat place erdogan face consã©quences politique obs nouvelobs	autre
laurence boone conseiller ã©conomique financier elysã©e	autre
direct remaniement hollande parlera ã  annoncer valls ã  matignon	autre
interview exclusive bygmalion lavrilleux enfonce sarkozy news	autre
musiques sims meilleurpatissier	mixte
vidã©o â« cessez feu devons anã©antir israã«l â» imam koweã¯tien	autre
sarkozy hollande fini niveau gaz schiste gds	autre
sondage hollande sarkozy coude ã  coude morano hausse	autre
affaire bygmalion jã©rã´me lavrilleux accuse nicolas sarkozy dã©fausser assumer	autre
gdf suez veut faire commentaire ã©ventuelles collaborations conseil lobbying rachida dati	autre
franã§ois hollande refuse ã  marine pen rã©fã©rendum sortie lâ€™ue actualite	autre
ane lka confirme accuse manuel valls dâ€™avoir ã©tã© influencã© femme	mixte
video syndicaliste refuse serrer main hollande ã  saint nazaire parisien	autre
quelqu dã©jã  entendu gagnant the voice genre kendji entend tps jamais mdr	mixte
marre technologie sociã©tã© consommation image dã©gradante donne femme rigole fou	mixte
â«couac couac couac â» marque gouvernement ayrault figaro	autre
lien regardez factor	autre
â€œ lemondefr chinois meurent jours pollution lâ€™air partout monde mãªme tãªte	mixte
soir meilleurpã¢tissier cyril lignac mercotte xffa	autre
jeunes emploi dâ€™avenir menacã©s chã´mage lareunion	autre
rã©fã©rendum brexit tournant majeur politique europã©enne	autre
jjbourdin rmc italien hier entendu problematique sondages mãªme berlusconi vote	mixte
attentats dâ€™ankara erdogan admet probables â« fautes â» pouvoir nouvelles lemonde	autre
bonsoir thierrymoreaut voulais savoir oreillette pandant tpmp	autre
ciment lafarge discute fusion holcim crã©erait nâ° mondial	autre
shumacher signes eveil ãªtre sauvã©	autre
compã©tences dsk faire oublier morale houthdid expressyourself	autre
affaire quenelle anelka voulu faire dã©dicace ã  frã¨re dieudonnã©	autre
syrie offensive etat islamique progresse ã  manbij googlealerts	autre
itele turquie attentats ankara trouvent origines syrie affirme prã©sident erdogan	autre
poutine menace lancer missile nuclã©aire lune occident reconnait adhã©sion crimã©e russie moonexplosion	autre
poutine deposã© loi parlement russe interdit qualifier bible coran ouvrages extrã©mistes russie	autre
gagnã© the voice annã©e sais	autre
hollande annoncã© tf demain soir annoncer nom pm gouvernement mercredi mardi er avril	autre
attentat perpã©trã© samedi capitale turque ã©tã© revendiquã© piste djihadiste	autre
enseigne burgerkingfr poursuit dã©veloppement restaurant projet ã  hã©nin beaumont pasdecalais burgerking	autre
lâ€™ã‰tat islamique appelle ã  attaquer berlin bruxelles paralyser europe brexit	autre
fatima mhindi partagã© photo rachida dati remporte nouvelle ã¨me arrondissement paris	autre
lequipe jo sotchi vai faux record moyenne mis donnã© monde	mixte
affaire dsk faut croire ã  thã©orie complot â€“ critiques littã©raires actualitã© livres myboox	autre
decomptemp voitures fast and furious	autre
syrie louvre grand arc palmyre ã©tait â«uniqueâ»	autre
dã©putã© lesrepublicains yannickmoreau traite erdogan islamiste cravate	autre
zayn dansait factor omfg	autre
baroin juppã© ã©tã© dã©ception dã©ception soutient trã¨s officiellement sarkozy	autre
prquoi prise ã  elysã©e ã  heure embãªte souffle membre gvt dã©missionnaire	autre
ex mannequin canadienne partie combattre ã‰tat islamique	autre
rã©ã©lu jcgaudin gagne tableaux face ã  ps laminã© fn gã¢chant triomphe lire	autre
nkm devait ã©chouer mediapart	autre
honnãªtetã© voteriez dsk prã©sident abstraction erreurs	mixte
â« passer chrã©tiens â» consigne lâ€™etat islamique dâ€™attaquer infidã¨les	autre
dragoole trouver enfant stars aprã¨s tpmp	autre
trouvã© nouvelle utilisation rsa discuter politique intã©rieure pays visite	autre
jour lance youtube ã¨re vidã©o truc sã©rieux dã©finir gauche politique	autre
rã©gis jauffret arrivã© ã  nommer dsk livre nom ã©tã© prononcã© rikersisland	autre
ans â« jour dã©passement â» rã©serves avancã© mois chinois meurent touslesjours pollution	autre
direct jclagarde udi estime majoritã© ã  assemblã©e nationale	autre
prã©pare munitions lemeilleurpatissier meilleurpatissier lmp	mixte
gouvernement socialiste fier expulser sarkozy hortefeux gueant besson	mixte
single lilian renaud fin lâ€™annã©e the voice antenne rã©union fr antennereunion	autre
donne min trouve combishort short top sac â‚¬ jsuis forte reinesdushopping	mixte
valls ã  matignon hollande essaye chirac tentã© sarkozy vallspremierministre	mixte
selena coach the voice jennyfer coach the voice voyez	mixte
laurence bibot ã  propos visite erdogan belgique audio humour	autre
hollande vient sortir euro	autre
psg offre incroyable neymar	autre
enseigner protã©ger mãªmes meilleure faã§on vaincre maladie ebola libe	autre
ã€ â« â» corse matin mãªme dsk acrimed action critique mã©dias	autre
isabelle adjani retire projet film abel ferrara participer entreprise destruction homme iacub dsk	autre
affaire tapie mise examen christine lagarde exclut dã©missionner fmi desouche	autre
aprã¨s attentat ankara parti prokurde hausse face ã  erdogan attentat meurtrier visã© sam	autre
franã§ois hollande fleur pellerin culture combat	autre
hollande absente euro pã©tanque prã©sente jo	autre
veux partir bourse plan marshall faut dã©pãªcher nombre limitã© bourses	autre
semaine prochaine twittos dodo adp adp	autre
video dsk mercredi cnn digã©rã© â«perp walkâ»	autre
dã©putã© rã©publicain traite erdogan islamiste cravate valeurs actuelles	autre
remaniement arrageois pascal canfin europe ã©cologie verts participera gouvernement valls	autre
anglais voulaient europe politique fã©dã©rale partis faut	autre
alerte attentats ankara erdogan ordonne enquãªte ã©ventuelles failles etat romandie	autre
chefs prestation ã  ã‰lysã©e discothã¨que ã  ã©mission marcellin atissony	autre
ans fn passã© peur algã©riens ã  peur ã‰tat islamique	mixte
euro supporter franã§ais dã©clare flamme irlandais facebook euro	autre
â« faudrait appeler affaire bygmalion comptes campagne nicolas sarkozy â» lavrilleux lr	autre
racisme luciditã© fermetã© imposent	autre
nâ€™avez percutã© imialah racheldw mãªme chose religions racisme rã©flã©chissez	mixte
russes dã©truisent centres commandement ei sputnik fr	autre
jã©rã´me lavrilleux nicolas sarkozy ment dã©fausse assumer bygmalion	autre
mã©lenchon gardes ã  vue ã  air france ã©tã© chercher sarkozy lit	autre
parquet lille indique dsk dã©commandã© convocation demain trã¨s probablement placã© gav carlton	autre
bchameroy dals ã§a ã©tã© gã©nial pauvre fini plã¢trã© bout ã¨re xd tpmp	mixte
frappes syrie franã§ais paris fourni preuve agression imminente	autre
but quaresma dã©livre portugal vidã©o foot euro	autre
dsk bourses vider victoire brexit euref	autre
turquie orhan pamuk critique erdogan aprã¨s attentat kurdes orient jour lorientlejour	autre
gwendalaviir koh lanta xddd	mixte
fillon adresse ã  hollande demande faire politique france gauche ps	autre
dsk ãªtre queutard remet cause compã©tences ã©conomiste	mixte
lafarge travaillait lâ€™etat islamique syrie lobs	autre
mois russie envoie etats unis coordonnã©es lâ€™etat islamique ei daech front	autre
point attentat ankara exacerbe tensions erdogan parti pro kurde rivalitã©	autre
cã©lestin parti meilleurpatissier voulais vraiment rester joueur lol	mixte
ambiguã¯tã© entretenue ã©lection prã©sidentielle vã©ritable programme levã©e fillon remaniement	autre
ã©cologistes cã©cile duflot pascal canfin veulent ãªtre prochain gouvernement alaune actu	autre
vraie mise garde shoah slatefr syrie actuellement amã©ricains	mixte
ponyshutterbug ã§a verras bã©bã©s nã©s saison eric adp	autre
damouah abdelkarter mãªme ã§a appliquã© ã§a ã©tais ã©preuve koh lanta ahaha	mixte
marathon postâ« brexit â» prã©sident hollande	autre
turquie erdogan recueille lieux attentat ankara prã©sident turc recep tayyip erdogan	autre
justice football argentine sacrã©e championne demain copaamerica	mixte
bfmtv mãªme pro erdogan doutes lã 	mixte
the voice ã§a ã  voir the voice fr	mixte
dsk scandales sexuels prã©sident perso prã©fã©rã© voir place flamby	mixte
laissera travailler manuel walls lieu debiter inepties copã© jamais bonne chance courage	mixte
pollution air tue an monde oms jour	autre
furious seven fast and furious ã©tait cool ans now naze hommage ã  mal pindecritweets	mixte
euro franã§ois hollande transforme supporter irlandais presque photo	autre
campagne lutte illettrisme hommes femmes politiques finances â‚¬uropeene mediapartleclub	autre
africa ynews miss nationale virus ebola prive prã©tendantes voyage sã©nã©gal miss	autre
emissions capricorne monde parlã© tlmeap diner presque parfait dpp the voice thevoice	autre
franã§ois hollande ã  nu franã§ois hollande prononcã© jours derniers discours russeurope	autre
prã©fã¨re denitsaoff bensettirayane aime moin couple laurent denitsa annã©e ï¸?	mixte
copa america mieux euro copaamerica copa euro parionssport	autre
tournage saison prochaine kohlanta commencã© parti ã  jours aventure candidats	autre
hillary attaque ã  poutine tãªte ã  obama faire ferme dirigeant	autre
sarkozy laissons justice faire travail prã©somption innocence uniquement dsk	mixte
fn diabolisã© ans mã©diatisã© ans dieudonnã© soral ã©tã© diabolisã©s ã©tã© interdits mã©dias	mixte
russie ã¨re usa agresseur putin diable obama ange gardien monde	mixte
tã©moignage dâ€™abou moussab manque dâ€™intã©rãªt fonctionnement lâ€™etat islamique ancien	autre
fisc clarifie choses â« filet sã©curitã© â» td	autre
idã©e burgerking blois plaindre autoroure con xf	mixte
benoã®t emilie veut savoir passã© adp adp	autre
mã©lenchon hollande sarkozy ã  savoir vision progressiste aprã¨s theguardian	autre
ukraine andersfoghr poutine ã  menti ã  merkel retrait troupes russes malheureusement constatons	autre
nâ€™y porte chinois large syrie	autre
olivierminne resteras meilleur olivier gagnã© saison dals dã©ã§u vote public xf	mixte
franã§ois hollande angela merkel manuel valls alain bonnet soral dieudonnã© marine pen nicolas sarkosy	autre
hier regardã© fast and furious versã© larme ã  fin hab mdr	mixte
otan interdite accã¨s ã  caspienne poutine lâ€™otan interdite dâ€™accã¨s ã  caspienne	autre
franã§ois hollande chantiers stx syndicaliste cgt refuse serrer main franã§ois hollande	autre
ministre monsieur manuel valls exigeons transparence abattoirs signez pã© changefrance	autre
review the voice top mix sã©ries	autre
nâ€™est officiellement candidat dã©jã  duel annoncã© alain juppã© tãªtes	mixte
vladimir poutine condamne lâ€™attitude prã©somptueuse londres	autre
qd dis histoires amour koh lanta blaguez mdrrr sorti truc ã©tais mdrrrr xf	mixte
rentre travail attrape tã©lã©commande mettre meilleurpatissier	autre
euro gallois arrachent quart historique douleur	autre
minute people rihanna rejoint the voice sharon pose nue george harcelã© mode beaute	autre
finale syrie mr poutine russie veut faire guerre ã  turquie gã©nã©raux	autre
mddrr vs parlez chtis marseillais ã©tait koh lanta	mixte
sã©golã¨ne royal ministre intention quitter rã©gion poitoucharentes remaniement	autre
russie offre vedette lance missiles ã  lâ€™egypte russie offert samedi vedette ã©quipã©e missi	autre
dã©sespã©rã©e mã¨re jeune saoudien condamnã© ã  mort appelle barack obama ã  aide â€” rt franã§ais	autre
bygmalion sarkozy â«se dã©fausseâ» â«ne assumerâ» accuse lavrilleux libã©ration	autre
video euro supporters irlandais danser policiers franã§ais minutes	autre
jacob tort hausse impã´ts servi fillon bel amorce mouvement motscroises	mixte
lâ€™europe politique aprã¨s brexit georges contogeorgis mediapartleclub	autre
syrie nouvelle attaque surprise sud dâ€™alep lignes jihadistes pulvã©risã©es nationspresse	autre
politique donne ã  peuple voilã  jugã© histoire donnera place	mixte
prã©sident ã‰tats unis barack obama employeurs ã©ffã©ctive solicitent opinions employã©es	autre
ptn derniã¨re scã¨ne fast and furious allusion ã  dã©part chanson	autre
yannickmoreau traite rt erdogan islamiste cravate manuelvalls valeurs turquie france meeting	mixte
the voice alban bartoli ans aller drã´les petits youtube	autre
attentat ankara exacerbe tensions erdogan parti pro kurde point lepoint	autre
hollande rã©publique tchã¨que	autre
prix navigo cri alarme vpecresse malgrã© promesse valls participer ã  financement taxevalls	autre
franã§ois hollande parlait dã©missionner prã©sidence politique lepoint	autre
sarkozy dã©fausse sais assumer accuse lavrilleux libe	autre
franã§ois hollande brexit fidã¨le ã  image	mixte
rã©vision liste ã©lectorale cã´te ivoire cnc rã©clame formulaires afrikipresse	autre
discours valã©rie pã©cresse pavillon baltard militants sarkozy salue rassemblement autour vp	autre
gagnã© er tour municipales copã© doute fillon fig nivainqueur vaincu	autre
benoã®te groult morte parlã© ivg plaisir fã©minin manif	autre
the voice lilian renaud dã©voile extrait single lilian renaud thevoice	autre
â« race blanche â» morano monte sondages sarkozy baisse tableau bord ifop fiducial	autre
henri emmanuelli annoncã© abstiendra votera confiance ã  valls idem verts radicaux gauche ps	autre
sheikh arabe israã‹l appartient juifs alyaexpress news	autre
point chute popularitã© franã§ois hollande manuel valls stabilise prã©sident	autre
conseiller rã©gional ump patrick genre insinue peuple suisse raciste critiquant nationalisme rampant plenbfc	autre
justice amã©ricaine pressã©e fixer date procã¨s civil dsk repoussã© sine die	autre
dã©goutã© benoã®t ã‰milie correspondaient trouve xfa	mixte
turquie responsables police dâ€™ankara limogã©s aprã¨s lâ€™attentat ankarabombing ankara	autre
boko haram obama annonce dã©ploiement militaires cameroun imatin civ	autre
pollution ã  palavas baignade interdite suite ã  eau usã©e traitã©e rejetã©es station ã©puration	autre
ayrault valse libã© valls mã¨ne danse mã©tro pensã©e koliadelesalle	autre
djihadistes ã©trangers fuient vraiment syrie irak redã©ploient zones djihad	autre
film affaire dsk malgrã© dã©clarations isabelle adjani nafissatou diallo jouera rã´le	autre
henri guaino sudradio front rã©publicain sens attise colã¨re voulu qqchose bordetsudradio	autre
shaqiri homme branlã© tournoi partir mis but euro jouã© xff xffb xff xffb	mixte
euro grand question demande franã§ais atteindre ã ux face terminal	autre
turquie erdogan annonce enquãªte probables fautes	autre
dsk violã© nafissatou viole fille sorte belle	mixte
infos people louis bertignac the voice kids ã©liminer enfant ã§a chaud froid interr	autre
poutine critique manque coopã©ration etats unis donnant informations cibles ei syrie	autre
mickaelmiro dam dam dã©o horloge tourne reinesdushopping yehhhhh	mixte
moyen ã¢ge ã©tait dã©jã  ben	autre
syrie poutine ã  conquãªte religieuse capturer lâ€™ã¢me peuples wordpressdotcom	autre
franã§ois hollande chahutã© ouvriers chantiers saint nazaire	autre
rumeurs vraies anne sinclair ã©tã© sã©parã© dsk mãªme penser ã  acheter maison ã  cadaques pourtant	mixte
bruno retailleau retrouve position diplomatique france coups yoyo politique franã§ois hollande	autre
municipales ã  paris anne hidalgo gagnã© ã  prix	autre
russes soutiennent vladimir poutine	autre
â« chef etat vraiment climat europe â» climat environnement ã©cologie politique	autre
pã©riode xfactor impression ct ans bc changã©	mixte
sarkozy ps voulait dsk hollande rigolo ladã©pãªche fr	autre
rã©forme pã©nale projet taubira menacã© figaro	autre
veux julie koh lanta chante monde veut devenir cat lt	mixte
infos syrie aviation russe croise aviation amã©ricaine	autre
helloellif nan tweetent insultes capucine tpmp	mixte
tjrs regardã© dals pls jamais temps	autre
thibaultgiresse niveau mode casquette kombouarã© doudoune gourvennec reinesdushopping	mixte
franã§ois hollande ã  saint nazaire cgt refuse serrer main prã©side elysã©e	autre
vidã©o tristane banon â«je forcer dsk ã  comprendre acteâ»	autre
boko haram obama envoie troupes cameroun afrique	autre
air france allã© chercher cahuzac sarkozy lit jean luc mã©lenchon politiveille	autre
sam lâ€™africain aller ã  mankono ouattara ã©ligible transition afrikipresse	autre
â«dans panthã©on valeurs trã¨s important câ€™est responsabilitã©â» sarkozy ump lavrilleux lt	autre
appelez jamais cavaliere berlusconi auto dã©pouille titre honorifique ãªtre dã©pouillã©	autre
aller partout hollande apostrophã© cgt dã©fie gouvernement â€“ metronews	autre
erdogan ã©voque faille renseignement attentat ankara rts ch	autre
george galloway explique interview conflit syrie youtube	autre
bfmtv comprend nicolas sarkozy baisse hollande hausse sondages prouvent contraire	autre
najat vallaud belkacem promet projet ambitieux abcd ã©galitã©	autre
chose sã»re nord irlandais manquer euro walnir nir euro	mixte
bã©nin rã©duit participation ã  multinationale lutte boko haram kebetu	autre
lâ€™inquiã©tant tã©moignage dâ€™un ancien policier lâ€™etat islamique trudeau couillard espã¨re vs allezlire	mixte
sortir emilie risque tromper prã©nom astuce adp	mixte
ã  cro offert jeu ã©motions triste ã§a termine ã§a foot cruel euro	mixte
anonymous amuse ã  pirater comptes twitter jihadistes etat islamique	autre
the voice lilian renaud album fin annã©e	autre
cyclones menacent rentrã©e classes avance impasse politique persiste ã©lection ã  horizon ã  mois	mixte
ministres permettent hollande ump permis sarkozy	mixte
poutine diable russie amour	mixte
dsk tirã© affaire premiã¨re audience lieu mars ã  new york procã©dure civile int	autre
ump ps mãªme politique ã  broutilles prãªt vote fn augmenter jdcjdr	mixte
pro poutine classe dã©tient livre histoire	autre
sarkozy supervise surveillance journalistes	mixte
boom ã©nergie solaire ã  new york sud ouest scoopit	autre
poutine commence ã  peur actions terroristes finir passer ã  acte	autre
dialogue ã  dã¨s mercredi soir franã§ois hollande annoncã© quâ€™il rendrait ã  berlin â« semaine	autre
vidã‰o deschamps pogba besoin tranquilitã© equipedefrance al	autre
cristinacordula rois shopping belgique ã‡a semaines attend rtltvi reinesdushopping	mixte
turquie familles enterrent victimes attentat ankara dã©noncent erdogan levif	autre
revue presse turquie attentat place erdogan face consã©quences politique	autre
rt fchretienne ã©poux rendent visible lâ€™amour christ lâ€™ã‰glise	autre
regarde video the voice mise ã  pleurer mec ã  buzz arrive ã  dormir mdrr	mixte
primaire rã©publicains nicolas sarkozy trouve surrã©aliste nombre bureaux vote sarkozy	autre
parlez ahmed sylla lieu dals rit ctv tpmp tpmp	mixte
violence hommes limite ledevoir	autre
erdogan tãªte turc dessin jour martin linden	autre
uberx couillard ã  idã©e encadrer plateforme transport montrã©al mã©tropole	autre
viens regarder fast and furious fastandfurious	autre
sã©golã¨ne royal prã©fã¨re emploi ã  sarkozy lien	mixte
marine pen fn manuel valls umps personnifiã© afp viua guillaumedaudin	autre
syrie bataille dâ€™idlib commencã© reseau internat	autre
hanounightshow content canal dã©jã  regarde quotidien xfe	mixte
affaire carlton souffrant dsk prã©senter mardi ã  lille enquãªteurs morandini	autre
olivierlegall berlusconi soutenir ã©tait intelligent malin hollande charme flematre legossip	mixte
brexit loin ãªtre catastrophe chance france	autre
alex veux sacrifier faire alliances rouges xf	mixte
bombardiers russes dã©truisent blindã©s dã©robã©s ei irak syrie traquer bokoharam	mixte
voir portugal suisse regrets	autre
ldc assistait ã  finale psg atletico madrid ã©quipes jamais remportã© ldc ã  relevã© qualifiã©s	autre
parisien ps fã©dã©ration calais rebelle solfã©rino	autre
ministre singapourien gagne salaire obama xf	mixte
pã¢tissier derriã¨re ã©glise cc isamergault lmp meilleurpatissier	autre
rt lemondefr â« ice bucket challenge â» ã  lâ€™elysã©e	autre
turquie erdogan limoge responsables police ankara terrorisme	autre
florent pagny normalement ã  rentrã©e devrais dã©marrer saison the voice	autre
thewalkingdead enfait saison koh lanta fin restera	mixte
lâ€™ump fn â» boulevard voltaire bvoltaire	autre
psg â«laurent blanc perã§ois intã©rãªt remplacer unai	autre
polã©mique genre rattrape vallaud belkacem	autre
the voice florent pagny heureuse nouvelle fans florent pagny chanteur franã§ais	autre
lâ€™attaque terroriste dâ€™ankara trouve origines syrie prã©sident erdogan	autre
popularitã© franã§ois hollande bondit points ã  octobre nicolas sarkozy inflã©chit points ã 	autre
jointe tã©lã©phone anne hidalgo surprise souhaite faire amples commentaires ps hollande	autre
bourses effondrent brexit ã©tait ã©tat islamique remportã© grande victoire	mixte
rendez samedi dã©s charliemusic jardins joyclubnimes showcase concert thevoice nã®mes tapas vin ambiance	autre
fm tentã© vendre sinaã¯ juifs moubarak enregistrement audio	autre
dsk bienvenu parlement europã©en invitation adressã©e ã  dominique strauss kahn eurodã©put	autre
dã©lã©gation eelv sortie place beauvau aprã¨s valls commentaire instant remaniement	autre
finalement nicolas sarkozy nâ€™est rã©fã©ndum lâ€™europe ã©tait opposã© mois	autre
poutine critique etats unis question frappes syrie rfi	autre
aimez claude gueant allez adorer manuel valls monde diplo	autre
jccambadelis sarkozy crã©dible employait mãªmes termes front national	autre
abonnã© canalplus content abonnement coã»te bras regarder exclusivitã© hanounightshow signã© bollorã©	mixte
prã©fã¨re quotidien tpmp clair net xfc	mixte
guerre procuration russie ã‰tats unis syrie courrierrussie	autre
voit score rachida dati fã©licite investiture ã  paris	mixte
vidã‰o â€” exclu â€“ alex goude esprit ã  timã©o rã©pond ã  manif aprã¨s onpc	autre
gachis solidarite peuple turc frere debarasse dictature militaire parti	mixte
turquie prã©sident erdogan accusã© lendemain attentat ankara inews voir loin inews	autre
portugal qualifie face ã  croatie bout ennui lequipe	autre
rihanna mentor ã  the voice tã©lã©	autre
nâ€™a preuve gravitã© ã©tait affaires ã  propos dati tcabarrus	autre
journalistes informã©s benguigui ministre budget cahuzac	mixte
fou rire ouais hidalgo sache blessure sã©ville ã  jamais	mixte
lâ€™etat islamique annonce lâ€™invasion violente lâ€™europe grã¢ce bateaux migrants brexit frexit stopeu	autre
charlie coulibaly dieudonne condamnã© appel assistã© ã  lâ€™audience	autre
ã‰change francois hollande sebastien benoã®t cgt ouestfrance dailymotion	autre
sarkozy ã©tais situation proposerais projet points ue	autre
figaro actualitã©s figaro	autre
direct periscope manif face crs	autre
euro â«le rãªve absolu finale france gallesâ» espã¨re chanteur michael jones	autre
washington scã¨ne internationale	autre
ff ã  justinfolignej the voice plutã´t voix lignej sncf oriente informe voyageurs	autre
nouvelle edition lilian thuram lutte racisme	autre
manif marche rejoindront manifestations anti manifpourtous	autre
valls ramadan partie calendrier commun moment profondã©ment rã©publicain	autre
lã©a salamã© raison investiture balkany problã¨me sarkozy onpc	mixte
cyrilhanouna debut tpmp camille combal veut camille baba xff	mixte
sfr numericable officiel	autre
elysã©e franã§ais juppã© ferait mieux hollande	autre
twitter propose hashtags ã©tranges xf	mixte
ã©mission tã©lã© prã©fã©rã©e â€” touche poste the voice rdv terre inconnue	autre
brexit propage ã  travers lâ€™europe italie france hollande danemark veulent rã©fã©rendums	autre
erdogan humilie france valeurs offre tribune lehuffpost	autre
actu monde attaques dâ€™ankara familles enterrent victimes critiquent erdogan	autre
prã©sident charisme faut accuser grand prã©sident grand homme erdogan xff xff	mixte
erdogan suspend hauts fonctionnaires police ã  ankara aprã¨s lâ€™attentat octobre	autre
prof lezione impression berlusconi programme politique essaye ã©chapper ã  justice	autre
poutine dã©fend livres sacrã©s libertã© conscience prã©sident russe bible coran	autre
actu russie edward snowden dã©nonce loi â« big brother â» â« surveillance masse â»	autre
fãªte organisã©e veilleurs manif parisien lmpt	autre
rã©plique hollande comparaison ã  berlusconi fracassante tribune sarkozy politique mytfnews	autre
avocat dsk lgj doute juges in fine fassent droit morale carlton	autre
â« lâ€™etat islamique perd territoires disparaã®tre dâ€™ici ans â» â€” lemondefr	autre
syrie victoire cathodique poutine libe syrien syria	autre
emilieadp benoit ã©tã© sympa tahlolm rachoubidou adp adp	autre
mensonges destinataires armements us syrie mains atterri	autre
interview syrie lâ€™ arabie saoudite rã©agira ã  lâ€™offensive russe sã©curitã© moyen orient	autre
ã©tã© victime racisme rapport ã  religion religion supposã©e copain venant mayotte lã 	autre
rt coachs jeniferofficiel garou officiel louis bertignac reprennent new york thevoicekids	autre
artisans bã¢timent transition ã©nergã©tique ouest france scoopit	autre
chaises sarkozy fillon chaises ericwoerth letalk	autre
remaniement sarkozy veut â«homme expã©rienceâ» ã  matignon	autre
bce politique lâ€™inaction â» boulevard voltaire bvoltaire	autre
cohn bendit solutions syrie bachar el assad dailymotionusa	autre
livre marcela iacub dsk interdit encart ãªtre insã©rã©	autre
dieu change russie lehuffpost russie ukraine	autre
pollution tuerait jour chine ledevoir	autre
cameroun partie coalition boko haram mã¨ne mois attentats sanglants	autre
turquie milliers scandent â« erdogan assassin â»	autre
ã©pisode dã©jã  fini adp adp	mixte
olivierminne tournã©e dals ã§a intã©resse xf	autre
leã§ons style ã  recevoir quelqu militait dsk devienne prã©sident rã©publique dpda	autre
exclusif bygmalion jã©rã´me lavrilleux enfonce nicolas sarkozy lenouvelobs politique scoup	autre
poutine critique manque coopã©ration etats unis syrie normal armã© islamistes	mixte
obama netanyahu aime voulez trouve traitã© paix onvpsm	mixte
gouvernement amorce modernisation fisc	autre
jdis reines shopping sens dã©truire reinesdushopping	mixte
affaire baupin travail universitaire ã©pinglait â«dsk vertsâ» slatefr	autre
triste kamellemagicien aime choses ã  proposer pensã©es ã  emmanuelleberne aime dals	mixte
erdogan dispose lâ€™arme ã‰tat islamiq pr effrayer lâ€™ue sâ€™est dotã© dâ€™un arsenal millions rã©fugiã©s syriens	autre
ebola virus tueur devrions vraiment peur sortira forãªts	autre
regardez the voice branche nouvelle star	autre
henri guaino franceinfo ã  propos manuel valls premierministre mal ã  comparer sarkozy remaniement	autre
fillon publie lettre fr colã¨re lendemain tribune sarkozy ancien pr jamais citã©	autre
erdogan â«le brexit islamophobieâ» epa dirigeants europã©ens rapidement	autre
clip propagande ump traitã© constitutionnel europã©en youtube france ã 	mixte
rã©plique hollande comparaison ã  berlusconi fracassante tribune sarkozy	autre
votã© hollande tour lâ€™ã©lection prã©sidentielle	autre
jã©rã´me cahuzac ferme porte municipales rencontre dsk	autre
politique recours ps bilan projet regards fr	autre
vraiment dommage benoit amp emilieadp ã§a fonctionnã© parfaite adp adp	mixte
couple californien trouve trã©sor estimã© ã  millions cc leila ben ali leila ben ali europe	autre
ã©tais dsk ã©tais loin michel sardou paris match repris direct matin	autre
triste arrãªt tpms ã©quipes mercredi tpmp kif ï¸?	mixte
rt lemondefr â« attentats dâ€™ankara doute dã©senclaver question kurde â» pkk erdogan akp	autre
ã  yannickmoreau excellente lettre scandaleux monsieur erdogan	mixte
image rarissime prã©sident hollande prenant ã  financier pic alexhervaud po st	autre
fusillade obama appelle mã©dias	autre
actualitã© nissan fast and furious iii ã  vendre ãªtes fan fast and furious	autre
paris reims stats match	autre
htfanzouzes off cyrilhanouna tpmp fanzouzestpmp teambaba bordeaux	autre
cible critiques erdogan sort silence jours aprã¨s attentat challenges fr challenges	autre
erdogan explique brexit lâ€™islamophobie	autre
obama prã©vient poutine impose paix ã  coup bombes	autre
olivierminne dommage aimais ã§a fermer gueule rapport ã  disant complots xf	mixte
espace chine lance nouvelle fusã©e â«longue marche â» leparisien fr	autre
brexit invite campagne lã©gislative espagnole france	autre
carlton â«cela dsk proxã©nã¨teâ»	autre
turquie sâ€™occupe rã©fugiã©s syrie preuve leadership peuple turque ã‰cosse lass minutes fraslo omfcl	autre
rã©ponse ã  sud ouest affaire dsk diallo john solomon donne nom client journalsudouest	autre
ukraine europe barack obama invite leseuropã©ens jamais acquis progrã¨s accomplis	autre
marine pen nicolas sarkozy sincã¨re convictions nationspresse	autre
chef renseignement militaire israã©lien affirme quâ€™ israel sâ€™oppose ã  dã©faite lâ€™etat islamique daech	autre
passã© coupdefoudreajaipur meilleurpatissier ã©preuve halloween suite mãªme ã©motion xf	mixte
iphone ã  effigie vladimir poutine ã  partir dollars	autre
portel chanteurs â«the voice â» scã¨ne public timide actualitã© nord calais	autre
jean marc ayrault charisme valls faire programme sarkozy natacha polony	autre
idf investit balkany ara militants manif mal faut lã¢cher ã€gauchetoute lã©gislatives	mixte
rã©sultats fn municipales marine pen gagnã© bataille idã©es leplus obs	autre
syrie troubles arrangements lafarge lâ€™etat islamique	autre
deschamps cherche formule ã‰quipe euro fra irl	autre
flã©au chã´mage reparti lã©gã¨re hausse devriez pensez ã  crã©er propre business	mixte
beryl kohlanta bã©ryl parcours dã©ã§u parti tã´t	mixte
vladimir poutine visite ã  pã©kin â« alliã© â» international	autre
politique nicolas sarkozy primaire rã©publicaine sarkozy revenir organisation politique	autre
