affaire carlton souffrant dsk prã©senter mardi ã  lille enquãªteurs morandini	objective
parquet lille indique dsk dã©commandã© convocation demain trã¨s probablement placã© gav carlton	objective
dsk tirã© affaire premiã¨re audience lieu mars ã  new york procã©dure civile int	objective
dsk affaire lã  votã© instantanã© campagne vidã©o avelo	objective
sarkozy ps voulait dsk hollande rigolo ladã©pãªche fr	objective
leã§ons style ã  recevoir quelqu militait dsk devienne prã©sident rã©publique dpda	objective
leã§on ã©conomie dsk ã  cambridge attention parti pris politique people eco lesechos	objective
depardieu jouer dsk aime â€ž acteur gã©rard depardieu acceptã© incarner person	objective
dsk bienvenu parlement europã©en invitation adressã©e ã  dominique strauss kahn eurodã©put	objective
dsk frasques passionnantes ã©ditions spã©ciales tutti quanti ca rassure	mixed
affaire dsk scandale usa procureur vance dã» abandonnerâ»	negative
dsk relance hypothã¨se complot ennuie moment	negative
dsk insinue adversaire politique derriã¨re affaire sofitel faire coup lã  ã  hollande chic ã  semaine	negative
carlton new york dsk honneur rã©publicaine commenter clermont	objective
dsk dã©ment julien dray invite personnalitã©s socialistes demi tour jd sens amitiã© sens politique	negative
contente sã©golã¨ne royal nom dignitã© femmes veux rencontrer dsk bercy	positive
franã§ois valã©rie bureau conseil gã©nã©ral corrã¨ze image trã¨s sage sã»r dsk mãªme chose	negative
benoã®t hamon hollande changera positon voilã  vraie diffã©rence dsk	mixed
assument naffissatou lã©chait dsk journalistes voyaient sauveur oubliez jamais	negative
sais drã´le habillage titre dsk quebec	mixed
dsk reproche grecs payer lâ€™impã´t ã§a passe qd lagarde ã§a passe	negative
rã©ponse ã  sud ouest affaire dsk diallo john solomon donne nom client journalsudouest	objective
vidã©o tristane banon â«je forcer dsk ã  comprendre acteâ»	objective
affaire dsk faut croire ã  thã©orie complot â€“ critiques littã©raires actualitã© livres myboox	objective
closer sinclair quittã© dsk lisant closer mã©tier journaliste	negative
psa malheureusement montebourg baguette magique phrase entendue dsk prã©sident jdcjdr	mixed
hollande prã©sident affaire dsk anggun derniã¨re eurovision trouvez ã§a pasdereyelauxjo	negative
dsk mesplusgrosmensonges inquiã¨te jouirai bouche jai penser gissait ahahah	negative
rep gala paris match mr dsk som trã¨s nbrx ã  soutenir parismatch	positive
veux plouc prã©sident doublure dsk peine ã  voir pã´v france fh	negative
dsk violã© nafissatou viole fille sorte belle	mixed
france vibrã© ã§a autour perche affaire dsk renaud lavillenie jo	positive
rumeurs vraies anne sinclair ã©tã© sã©parã© dsk mãªme penser ã  acheter maison ã  cadaques pourtant	mixed
vieux schouk gynophobe mt monachollet luc vaillant lã¢che affaire dsk lisebouvet	negative
justice amã©ricaine pressã©e fixer date procã¨s civil dsk repoussã© sine die	objective
gars dm fantasme st surement azy dã©gage dsk	negative
vacances corse dsk chasser propriã©tã© rtl frqu touche ã  femmes balle vite partie	negative
ã€ â« â» corse matin mãªme dsk acrimed action critique mã©dias	objective
â€œla nouvelle conquãªte dsk myriam lâ€™aouffir manager ã  france tã©lã©visions cã©libataire	objective
ã©tais dsk ã©tais loin michel sardou paris match repris direct matin	objective
compã©tences dsk faire oublier morale houthdid expressyourself	objective
dsk ãªtre queutard remet cause compã©tences ã©conomiste	mixed
sarkozy laissons justice faire travail prã©somption innocence uniquement dsk	mixed
sarkozy reviendra crã©ã© syndrome dsk perdre mãªme ã  cause faiblesses affaires vt submerger	negative
franã§ois pupponi ps dã©ment dsk ã  sarcelles pauvre courant parisdps	negative
affaire dsk accord nã©gociã©	objective
savez jã©rã´me cahuzac lâ€™avocate femme soeur jean franã§ois copã©	objective
voulez connaitre mã©dias demain cherchez journalistes photo dsk feuillleton	negative
filles couchã© dsk ã©crivent bouquin fini salondulivre	negative
dsk ã  terre bcp estime attaquer ã  homme ã  terre vendre ã©niã¨me torchon faut arrãªter	negative
livre marcela iacub dsk interdit encart ãªtre insã©rã©	objective
isabelle adjani retire projet film abel ferrara participer entreprise destruction homme iacub dsk	objective
hollande savait dsk violeur savait cahuzac savait augier con mec	negative
finalement câ€™ã©tait grave ã§a lâ€™affaire dsk allez atchao bonsoir	positive
film affaire dsk malgrã© dã©clarations isabelle adjani nafissatou diallo jouera rã´le	objective
cambadã©lis â«il fallu passer serpilliã¨re aprã¨s sarkozyâ» venant meilleur ami dsk cahusac brillant gaucheindigne	negative
menace nâ€™est hollande menace sâ€™appelle dsk tient lettres lesambitieux	negative
avocat dsk lgj doute juges in fine fassent droit morale carlton	objective
carlton â«cela dsk proxã©nã¨teâ»	objective
dsk explique vie sã©nateurs monde mã©chants monde gentils	objective
cã©cile duflot crois dsk mesure donner leã§ons	objective
video dsk mercredi cnn digã©rã© â«perp walkâ»	objective
pierremoscovici pierrot avoue couvert jã©jã© croit mãªme dsk	negative
valls larmes yeux dsk menottã© mãªme ã©motion jeunesse quotidiennement humiliã©e citã©s plenel	objective
hitler ã©tait gentil femmes picasso commentaire vice serbe job dsk ã  belgrade	objective
cocasse entendre sarkozy innocent lã  mãªme clament dsk blanchi	negative
jã©rã´me cahuzac ferme porte municipales rencontre dsk	objective
dsk jouer boulets lã  pfffff mecs lourds analyse politique soirã©efilles	negative
erreurs fautes reconnaissez berlusconi repassera humilitã©	negative
gdf suez veut faire commentaire ã©ventuelles collaborations conseil lobbying rachida dati	objective
replay amitiã© compassion acharnement elkabbach cadre interview berlusconi lgj	mixed
prof lezione impression berlusconi programme politique essaye ã©chapper ã  justice	objective
sã©golã¨ne royal prã©fã¨re emploi ã  sarkozy lien	mixed
viol dsk nafissatou diallo jacklang mort homme indignez complaisance	negative
dsk scandales sexuels prã©sident perso prã©fã©rã© voir place flamby	mixed
franceinter jeanmarcayrault gouvernement pognon cache ancien collã¨gue cahuzac	negative
rã©gis jauffret arrivã© ã  nommer dsk livre nom ã©tã© prononcã© rikersisland	objective
premiã¨re fã©ministes professionnelles rã©tribuã©es mettent sourdine souvenez affaire dsk	negative
dsk anne arrive ranger affaires ca montrer sacs couilles	negative
adriendlpbr virã© dati foutait placard faã§on expã©ditive shutupump xenophovia	negative
archives guã©ant introuvables sales types jamais revenir pouvoir partager info ump	negative
nâ€™a preuve gravitã© ã©tait affaires ã  propos dati tcabarrus	objective
couple californien trouve trã©sor estimã© ã  millions cc leila ben ali leila ben ali europe	objective
placã© cahuzac guã©rini dsk ã©coute oui pardon met socialos ã©coute	negative
candidat allemand schulz candidat soutenu merkel juncker ue annonce allemande jamais	mixed
lesportif proximitã© media pouvoir jamais rã©sultats monde media contrã´le pouvoir vice versa berlusconi	negative
rachida dati plaie humanitã© entiã¨re	negative
yeux yeux jamais commis faute rt francebleuazur carton rouge cahuzac aprã¨s nouvelle faute ogcnscb	negative
cgtsiteinternet ã©cologie ã§a respect honte douai europeã©cologie rt	negative
appelez jamais cavaliere berlusconi auto dã©pouille titre honorifique ãªtre dã©pouillã©	objective
guã©ant archives buisson conservã© cas oã¹ moralitã© jamais mieux trahi maurras	negative
sarkozy hollande pingouin mickey grandes oreilles stasi hollandedemission	negative
mã©lenchon hollande sarkozy ã  savoir vision progressiste aprã¨s theguardian	objective
stasi sarkozy cas oublions rappeler gestapo embarquant ã©trangers hortefeux air line loi guã©ant	negative
fillon publie lettre fr colã¨re lendemain tribune sarkozy ancien pr jamais citã©	objective
rã©plique hollande comparaison ã  berlusconi fracassante tribune sarkozy politique mytfnews	objective
â« chef etat vraiment climat europe â» climat environnement ã©cologie politique	objective
rã©plique hollande comparaison ã  berlusconi tf bfmtv comrã©plique hollande compa	objective
rã©plique hollande comparaison ã  berlusconi fracassante tribune sarkozy	objective
emmarguerite masques tombent vienne copã© savait berlusconi forzaitalia	negative
olivierlegall berlusconi soutenir ã©tait intelligent malin hollande charme flematre legossip	mixed
jjbourdin rmc italien hier entendu problematique sondages mãªme berlusconi vote	mixed
henri guaino dã©ment prononcã© phrase vivant juppã© jamais candidat	objective
russes soutiennent vladimir poutine	objective
rtl jo sotchi rattachement crimã©e russes vã©nã¨rent poutine jamais	objective
stratã©gie basã©e berlusconi cst bãªte	positive
henri guaino sudradio front rã©publicain sens attise colã¨re voulu qqchose bordetsudradio	objective
gagnã© er tour municipales copã© doute fillon fig nivainqueur vaincu	objective
loisgerin savais berlusconi ca perso ressenti mur cons mal image justice	negative
rajouter liste cahuzac valls taubira sapin vient jamais parlã© pause fiscale dpda	negative
bodyguards obama respect nounou chauffeur ivre	negative
ukraine europe barack obama invite leseuropã©ens jamais acquis progrã¨s accomplis	objective
progrã¨s solidaritã© ã©cologie sã©curitã© transports paris jamais vote anne hidalgo	positive
fillon front rã©publicain arrãªte municipales lejdd front rã©publicain insultent arrãªt	negative
veux faire peur chiffre semblerait match ã  paris bcp serrã© prevu nkm hidalgo	mixed
hidalgo nkm suspens ã©tait hidalgo allait passer	mixed
hollande annoncã© tf demain soir annoncer nom pm gouvernement mercredi mardi er avril	objective
rt grandludo tournã©e umpopcorn guaino rã©gale prenant ã  juppã© vivant jamais candidat	negative
dã©mago jamais guaino insurge ultra libã©ralisme gauche fumette zenpp municipales	negative
saurel exclu ps prend mairie montpellier selfisoloir selfieisoloir	objective
discours anne hidalgo drapeau europã©en drapeau lobby gay drapeau ps drapeau franã§ais rã©vã©lateur fracture	negative
å“uvre jf cope itele oreillesquisaignent poke bescherelle	negative
reconquãªte jamais portã© nom victoire personnelle jf cope	positive
fou rire ouais hidalgo sache blessure sã©ville ã  jamais	mixed
fã©licitations appuyã©es ã  mme rachida dati gagnante viie paris rose bonbon fort heureusement dieu	positive
â€œ europe exclu jean marc ayrault voulait annoncer dã©mission ematin courage	negative
voit score rachida dati fã©licite investiture ã  paris	mixed
ministres permettent hollande ump permis sarkozy	mixed
municipales ã  paris anne hidalgo gagnã© ã  prix	objective
sanctions amã©ricaines russie jeune russe jure jamais coucher obama cons	negative
cã©cile duflot quittera gouvernement passera jamais porte gros cul	negative
direct remaniement hollande parlera ã  annoncer valls ã  matignon	objective
mamsherrera ayrault fragile caractã¨re	negative
journalistes informã©s benguigui ministre budget cahuzac	mixed
bye bye taubira loi abrogera onlr jamais lamanifpourtous forcevie	negative
jean marc ayrault charisme valls faire programme sarkozy natacha polony	objective
face ã  dã©saveu prã©cã©dent prã©sident rã©publique choisi change sarko sarkozy ump	objective
savez hollande exprimer cracher sarkozy carie dentaire abcã¨s cauchemar	negative
remaniement sarkozy veut â«homme expã©rienceâ» ã  matignon	objective
cã©cile duflot jamais ã©tã© gouvernement faire voter lois stupides coã»tã© lã 	negative
ã©colos politique jamais politiques ã©cologie remaniement eelv	negative
karimzeribi lâ€™ã©lectorat ds quartiers populaires votã© hollande signe ã©tã© envoyã© ã  quartiers onvpsm	negative
jamais ã©lue hidalgo ridiculisã©e face ã  ump goujon maire paris	negative
jamais ã©lue hidalgo face ã  ump goujon maire paris crã©ation in vitro xf xf	negative
fatima mhindi partagã© photo rachida dati remporte nouvelle ã¨me arrondissement paris	objective
doute ã©tã© nommã©s ministres mãªme canfin duflot remaniement	positive
voulez voir dieudonnã© scã¨ne jamais	objective
valls nommã© faire politique ã©cologie comprendrez ã©cologistes	negative
lequipe jo sotchi vai faux record moyenne mis donnã© monde	mixed
descente metatv nazi valls mãªme fn jamais permis dã©ni libertã© ps dã©mocratie fusil	negative
jacob tort hausse impã´ts servi fillon bel amorce mouvement motscroises	mixed
poutine informe angela merkel hollande transparent retrait partiel troupes ã  frontiã¨re orientale	negative
marinelepen connais autans politique fn bande guignol differance yaurai monde	negative
poutine menace lancer missile nuclã©aire lune occident reconnait adhã©sion crimã©e russie moonexplosion	objective
fillon adresse ã  hollande demande faire politique france gauche ps	objective
laissera travailler manuel walls lieu debiter inepties copã© jamais bonne chance courage	mixed
sã©golã¨ne royal ã  tãªte ministã¨re intelligence antinomie	negative
ã  obama mãªme putain classe	positive
henri guaino franceinfo ã  propos manuel valls premierministre mal ã  comparer sarkozy remaniement	objective
bernardsala cherche oas amadouer matin gueant etait anti muz valls predecesseurs	negative
aimez claude gueant allez adorer manuel valls monde diplo	objective
rtl ã©lus fn surement mãªme doute mieux	positive
vã©ritã© fillon monde choix ministre important pã´vre cause	negative
franã§ois hollande ã©tait garagiste portiã¨re grince problã¨me changer roues	negative
cahuzac mãªme courant annonce taxe ã  quitte plateau aprã¨s calvi annonce dã©but emission	negative
hollande moment oã¹ jamais avouer rã©alisã© mandat super poisson avril	negative
franã§ois hollande contenter simple remaniement ump	mixed
obama cool	negative
sã©golã¨ne royal gouvernement vieille donne jeu italien	negative
poutine rigole baissera froc face sioniste	positive
analogie mitterrand rocard sens mitterrand venait ãªtre rã©elu ã  valls populaire hollande	negative
fanatique condamnã© voulu tuer obama	objective
nkm devait ã©chouer mediapart	objective
nsa merkel ã  timochenko â“question allemandeâ” snowden	objective
sarkozy supervisait espionnage journalistes dcri cambriolã© ã  ã©poque mã©dias	negative
sarkozy supervise surveillance journalistes	mixed
poutine ã  merkel retirait troupes frontiã¨re ukrainienne prã©sentã© ã§a concession	objective
henri emmanuelli annoncã© abstiendra votera confiance ã  valls idem verts radicaux gauche ps	objective
devient vipã¨re nkm aprã¨s raclã©e ã  paris	negative
artisans bã¢timent transition ã©nergã©tique ouest france scoopit	objective
compã©tents prochain gvt zimmeray quai orsay lallonde ã  ã©cologie fabius ã  bercy remaniement	mixed
boom ã©nergie solaire ã  new york sud ouest scoopit	objective
lâ€™ump fn â» boulevard voltaire bvoltaire	objective
vallspremierministre divise gauche lieu rassembler	negative
ump ps mãªme politique ã  broutilles prãªt vote fn augmenter jdcjdr	mixed
marine pen fn manuel valls umps personnifiã© afp viua guillaumedaudin	objective
rã©forme pã©nale projet taubira menacã© figaro	objective
rã©sultats fn municipales marine pen gagnã© bataille idã©es leplus obs	objective
rt leclown votez confiance dã©chirez cartes adhã©rent ps entendre bordel haussez sourd	negative
valls ã  matignon hollande essaye chirac tentã© sarkozy vallspremierministre	mixed
franã§ois hollande parlait dã©missionner prã©sidence politique lepoint	objective
remaniement arrageois pascal canfin europe ã©cologie verts participera gouvernement valls	objective
fn parti laic renvoyer arriã©rã©s faire cochonneries iran cont	negative
jointe tã©lã©phone anne hidalgo surprise souhaite faire amples commentaires ps hollande	objective
valls ramadan partie calendrier commun moment profondã©ment rã©publicain	objective
faureolivier revient derniã¨re journã©e jm ayrault ministre	objective
â«couac couac couac â» marque gouvernement ayrault figaro	objective
ã©taient surs taubira jours ã©tait finie demain confirmation remaniement valls	negative
ã©cologistes cã©cile duflot pascal canfin veulent ãªtre prochain gouvernement alaune actu	objective
madame taubira aime vã©ritã© valeurs actuelles	negative
actu nord calais remaniement arrageois pascal canfin europe ã©cologie verts	objective
ayrault valse libã© valls mã¨ne danse mã©tro pensã©e koliadelesalle	objective
dã©lã©gation eelv sortie place beauvau aprã¨s valls commentaire instant remaniement	objective
rip convictions rt franceinfopol dã©lã©gation eelv sortie place beauvau commentaire instant	negative
malheur arrive jamais valls er ministre sã©golã¨ne	negative
hausse immatriculations france mars valls fort con ayrault ã§a	negative
valls parti mensonge lâ€™ã©tranger jamais pouvoir france libertã©s danger	negative
finesse analyse politique incarnã©e â€œ jmaphatie faut baisser impã´ts royalsegolene ben fallait augmenterâ€?	negative
bouletjeremie vivons rãªve cauchemar faire cracher visage sorte inadmissible ump fã©lon	negative
hollande offre duflot place numã©ro gouv refuse viennent gueuler gouv ã©cologie	negative
dupinceau eelv lasse jamais avaler couleuvres rester ministre valls incompatibles bilgerphilippe	negative
parisien ps fã©dã©ration calais rebelle solfã©rino	objective
ukraine andersfoghr poutine ã  menti ã  merkel retrait troupes russes malheureusement constatons	objective
rã©ã©lu jcgaudin gagne tableaux face ã  ps laminã© fn gã¢chant triomphe lire	objective
taubira montã©e retombã©e entends dã©jã  bruit arriver ã§a faire trã¨s mal plaf	negative
combat ã©cologie affaire ãªtre partisan eelv emidi	mixed
majoritã© franã§ais maintien eelv gouvernement	objective
premiã¨rement ferme gueule physiquement ã  jamais mdrr longue vie ã  gã©nie dieudonne	positive
remaniementbidon sondage parisien sã©golã¨ne royal convainc franã§ais	negative
nomination matin royalsegolene preuve socialistes dã©lã¨guent ã©cologie bonne nouvelle	positive
sã©golã¨ne royal ministre intention quitter rã©gion poitoucharentes remaniement	objective
ministres reconduits grã¢ce remaniement plutã´t recyclage lecombatcestmaintenant	negative
espã©rons hamon peillon appartenir ã  aile gauche ps ã§a froid remaniement	negative
zlatan jamais gagner ligue champions ptdddddddddrrrr mm evra dã©jã  gagner sah vie	negative
nouvelle edition lilian thuram lutte racisme	objective
ãªtes ã  barrie samedi venez rencontrer bow dixons ã  lâ€™ã©vã©nement dâ€™accueil cibc ã 	objective
cesserai apprã©cie franc anelka truc ã  ã  foutre consã©quences	positive
ldc assistait ã  finale psg atletico madrid ã©quipes jamais remportã© ldc ã  relevã© qualifiã©s	objective
rt fchretienne ã©poux rendent visible lâ€™amour christ lâ€™ã‰glise	objective
ane lka confirme accuse manuel valls dâ€™avoir ã©tã© influencã© femme	mixed
paris reims stats match	objective
note tags centre entraã®nement om allez ã  ã©cole apprendre orthographe	negative
om marseillais pensent dã©jã  ã  saison teamom ligue om	objective
jai jamais geste ã©tait anti systã¨me geste anelka	objective
shumacher signes eveil ãªtre sauvã©	objective
ã©quipe france tennis ã  minutes ok ok	objective
entãªte ã  reparler ã©quipe france ã  croire tjrs anelka chã¨vre parisien	negative
â« jâ€™ai insultã© vestiaire coach peuple franã§ais insultait dã©jã  â» anelka domenech amourvache	objective
anelka â«domenech ã  tãªteâ» minfobymsn pauvre joueur foot	negative
affaire quenelle anelka voulu faire dã©dicace ã  frã¨re dieudonnã©	objective
ciment lafarge discute fusion holcim crã©erait nâ° mondial	objective
fm tentã© vendre sinaã¯ juifs moubarak enregistrement audio	objective
acquis obtenus gouvernance bourguiba ã  voir nã©potisme corruption ben ali	objective
lâ€™egypte retournera ã  lâ€™ã¨re hosni moubarak sahar fren	objective
moyen ã¢ge ã©tait dã©jã  ben	objective
sfr lafarge national capitalisme vient prendre belles mandales dã©but	negative
paris veut lever pied baisse dã©ficits bce sâ€™agace latribune	objective
bce politique lâ€™inaction â» boulevard voltaire bvoltaire	objective
bachar foutu	negative
prisons tunisie mãªme lieu ben ali	negative
commã©moration lâ€™anniversaire dã©cã¨s bourguiba devoir sacrã© dã©clare marzouki	objective
ã©lus rã©ã©lus bouteflika sissi bachar el assad hallucinant	negative
campagne lutte illettrisme hommes femmes politiques finances â‚¬uropeene mediapartleclub	objective
regarder loup wall street mã¨re bonne idã©e	negative
marre technologie sociã©tã© consommation image dã©gradante donne femme rigole fou	mixed
bfm business ciment fusion lafarge holcim annoncã©e lundi lg	objective
sfr numericable officiel	objective
lafarge embrasse suisse	objective
numericable lancer augmentation capital rachat sfr	objective
veux partir bourse plan marshall faut dã©pãªcher nombre limitã© bourses	objective
ambiguã¯tã© entretenue ã©lection prã©sidentielle vã©ritable programme levã©e fillon remaniement	objective
cyclones menacent rentrã©e classes avance impasse politique persiste ã©lection ã  horizon ã  mois	mixed
fisc clarifie choses â« filet sã©curitã© â» td	objective
face boulevard offre ps ump ãªtre rendez ã‡a commence ã©lection prã©sident blm	positive
mãªme fou veut aller gvt mãªme disent pourtant francetvinfo	negative
direct jclagarde udi estime majoritã© ã  assemblã©e nationale	objective
votã© hollande tour lâ€™ã©lection prã©sidentielle	objective
gouvernement amorce modernisation fisc	objective
prquoi prise ã  elysã©e ã  heure embãªte souffle membre gvt dã©missionnaire	objective
rt lemondefr â« ice bucket challenge â» ã  lâ€™elysã©e	objective
laurence boone conseiller ã©conomique financier elysã©e	objective
chefs prestation ã  ã‰lysã©e discothã¨que ã  ã©mission marcellin atissony	objective
robertmamerenes effort nommant ã  ã©conomie ministre libã©ral erreur taubira belkacem	negative
appelle najat belkacem gãªne incompã©tence sectarisme thã©ories infã¢mes soutient	negative
christine lagarde nã©gligence justice recommence conneries ã§a valls	negative
enseigner protã©ger mãªmes meilleure faã§on vaincre maladie ebola libe	objective
ebola virus tueur devrions vraiment peur sortira forãªts	objective
najat vallaud belkacem promet projet ambitieux abcd ã©galitã©	objective
christine lagarde dã©missionnera conteste mise examen donne droit droit immunitã© intouchable	negative
cherchent faire mal palestine ã  fin	negative
france ebola air france suspendre provisoirement vols freetown dã¨s demain	objective
africa ynews miss nationale virus ebola prive prã©tendantes voyage sã©nã©gal miss	objective
affaire tapie mise examen christine lagarde exclut dã©missionner fmi desouche	objective
video gaza cessez feu fãªtã© feu artifice francetvinfo	objective
polã©mique genre rattrape vallaud belkacem	objective
inacceptable occident israã«l moy terrasser tt gaza ã©pargner soldat palestiniens agressã©s	negative
yousjerusalem mosquã©e al aqsã¢ jerusalem ville occupã©e confusion mosquã©e palestine	objective
prãªche dâ€™un imam koweitien prãªche oã¹ distille haine dâ€™israã«l oã¹ demande	objective
vidã©o â« cessez feu devons anã©antir israã«l â» imam koweã¯tien	objective
sheikh arabe israã‹l appartient juifs alyaexpress news	objective
jamais the voice annulã© sachez renie dead ridiculisã©	negative
followers gagnant the voice entenduã€larã©dac	objective
imaginez liam retentã© chance ã  xfactor happystbirthdayliam happybirthdayliamfromfranceweloveyou	positive
pã©riode xfactor impression ct ans bc changã©	mixed
zayn dansait factor omfg	objective
louis bertignac top manquã© the voice	positive
infos people louis bertignac the voice kids ã©liminer enfant ã§a chaud froid interr	objective
nouvel saison xfactor uk simon louis cheryl dimanche lundi regarderai replay	positive
aimez jenifer aimez vite page thevoice thevoicekids garou bertignac nikos	positive
rendez samedi dã©s charliemusic jardins joyclubnimes showcase concert thevoice nã®mes tapas vin ambiance	objective
lien regardez factor	objective
rt coachs jeniferofficiel garou officiel louis bertignac reprennent new york thevoicekids	objective
mec gagne the voice cense faire zenith france passe porcieu	negative
tard passerai ã  the voice chanterai hymne javier pastore	objective
regarder the voice rappelle ã  point talent talents mddr	negative
the voice alban bartoli ans aller drã´les petits youtube	objective
regarde video the voice mise ã  pleurer mec ã  buzz arrive ã  dormir mdrr	mixed
portel chanteurs â«the voice â» scã¨ne public timide actualitã© nord calais	objective
the voice ã§a ã  voir the voice fr	mixed
dã©couvrir ã©galement page superbe clip nã© association jeunes artistes participã© ã  the voice kids	positive
inscrire ã  the voice mdr ã§a	negative
ff ã  justinfolignej the voice plutã´t voix lignej sncf oriente informe voyageurs	objective
quelqu dã©jã  entendu gagnant the voice genre kendji entend tps jamais mdr	mixed
boulot arrãªte chanter mãªme client habituã© aller inscrire ã  the voice	negative
regardez the voice branche nouvelle star	objective
coach the voice uk sais super mignon	positive
espã¨re selena devenir mentor the voice truc flop faire ã©mission ã§a	negative
the voice lilian renaud album fin annã©e	objective
ã©coutã© new chanson louane ptn pauvre mieux valut jamais choisie the voice mdr	negative
single lilian renaud fin lâ€™annã©e the voice antenne rã©union fr antennereunion	objective
selena coach the voice jennyfer coach the voice voyez	mixed
fin fast and furious touchante	positive
fast and furious heureuse xfc	positive
ptn derniã¨re scã¨ne fast and furious allusion ã  dã©part chanson	objective
fast and furious grv	positive
ã€ regarde fast and furious xf xfd	negative
putain ã  fin fast and furious prend trippes rippaulwalker miss you â™¥	positive
plutã´t mal er titre lilian renaud thevoice nikosaliagas matthieugrelier	positive
furious seven fast and furious ã©tait cool ans now naze hommage ã  mal pindecritweets	mixed
derniã¨re scã¨ne fast and furious pleure ã 	mixed
viens revoir fast and furious moment repensant dis paul walker vraiment triste mort	negative
autant accrocher film autant ã  fast and furious	positive
the voice florent pagny heureuse nouvelle fans florent pagny chanteur franã§ais	objective
sã©rie fast and furious grande supercherie histoire cinã©ma mdr	negative
hier regardã© fast and furious versã© larme ã  fin hab mdr	mixed
viens regarder fast and furious fastandfurious	objective
emissions capricorne monde parlã© tlmeap diner presque parfait dpp the voice thevoice	objective
florent pagny normalement ã  rentrã©e devrais dã©marrer saison the voice	objective
ã©mission tã©lã© prã©fã©rã©e â€” touche poste the voice rdv terre inconnue	objective
the voice lilian renaud dã©voile extrait single lilian renaud thevoice	objective
gars rã©alisã© saison true detective mãªme fast and furious	objective
fast and furious prã©fã¨re vo franã§ais	mixed
lã©gende kendji hmhm caravane the voice lã©gende cul	negative
actualitã© nissan fast and furious iii ã  vendre ãªtes fan fast and furious	objective
musiques fast and furious bouger xff	positive
lasser musique fast and furious sã©rieux	positive
rihanna coach the voice the voice jurez signe fin monde	negative
gagnã© the voice annã©e sais	objective
review the voice top mix sã©ries	objective
pollution colorado jamais portã© nom bfmtv ue veut faire manger merde	negative
ã©levage industriel grande source gaspillage eau terres cultivables principale cause pollution air	negative
pollution ã  palavas baignade interdite suite ã  eau usã©e traitã©e rejetã©es station ã©puration	objective
rihanna coach ã¨me saison the voice ã‰tats unis zazie	negative
â€œ fredericarnould pollution tue jour chine an france an ã  londres diesel	negative
monde fr chinois meurent jours pollution lâ€™air ã©tude reposant	objective
pollution tuerait jour chine ledevoir	objective
rihanna mentor ã  the voice tã©lã©	objective
films harry potter fast and furious films vie	positive
minute people rihanna rejoint the voice sharon pose nue george harcelã© mode beaute	objective
inter mãªme fast and furious bluray	negative
pollution mal insoutenable jetez ã  mer pitiã©	negative
ans â« jour dã©passement â» rã©serves avancã© mois chinois meurent touslesjours pollution	objective
â€œ lemondefr chinois meurent jours pollution lâ€™air partout monde mãªme tãªte	mixed
pollution air tue an monde oms jour	objective
fast and furious ã§a tue mãªme	positive
benoit met coup accã©lã©ration kiff crois dqns fast and furious xf xf xf xf	positive
decomptemp voitures fast and furious	objective
saga fast and furious xf xf cousine forcã©e jason statham	negative
racisme employã© dã©truire pensent totalement galvaudã©	negative
blasphemons racisme encourager occuper peuple base extremisme religieux	negative
croyez racisme existe ãªtes vraiment ã  cã´tã© plaque	negative
lã¢chetã© politiques mã©dias part lois paralysantes condamnent critique racisme rã©uni subir	negative
rt lemondefr chinois meurent jours pollution lâ€™air xf xf xf	negative
jsuis sã»r paris pollution inspire vraiment nature harmonie	negative
concerne homophobie foi mdr mãªme racisme	mixed
coup dalle mieux saccage mairie rã©pliquent pompiers	objective
racisme consulat marocain colombes hauts seine	negative
arbitrage ligue preuve racisme serbes tfc moche smctfc	negative
datirachida nicolassarkozy trouã©e veste ãªtre retournã©e politique	negative
ã©tã© victime racisme rapport ã  religion religion supposã©e copain venant mayotte lã 	objective
racisme luciditã© fermetã© imposent	objective
retenir deuxiã¨me semaine campagne garder sourire comã©die politique drã´le ãªtre hilarante	negative
racisme antisã©mitisme sens usuel ds mãªme phrase escroq intellect sionistes sã©mites racistes monde	negative
violence hommes limite ledevoir	objective
machine politique rã©ellement intention arrãªter grotesque mensonge	negative
zahma veulent virer maghrã©bins afrique noire disent combattre racisme xf xfa	negative
trouvã© nouvelle utilisation rsa discuter politique intã©rieure pays visite	objective
eciotti brunoretailleau appel faveur coalition ã©largie daech figaro	positive
ca hurle racisme homophobe	negative
robert mã©nard maire apã´tre messe journal marseillaise	objective
sam lâ€™africain aller ã  mankono ouattara ã©ligible transition afrikipresse	objective
mali vie gã©nocidaires rwandais ã  prison koulikoro	objective
politique source perversitã© grandeur lâ€™esprit humain	negative
uberx couillard ã  idã©e encadrer plateforme transport montrã©al mã©tropole	objective
police municipale robert mã©nard dresse cow boys ã‰tat journal marseillaise	objective
nâ€™avez percutã© imialah racheldw mãªme chose religions racisme rã©flã©chissez	mixed
condolã©ances ã  erdogan ã¡ croire complice daesh jabbat al nusra dã©but salaud	negative
erdogan venu meeting ã  strasbourg aller oã¹ honte ã  gouvernement	negative
erdogan attaquait daesh passait tps ã  prendre kurdes voilã  passe joue daesh	negative
ministre pot fleur wever jambon francken homans linkebeek erdogan	negative
turquie morts ã  ankara attentat meurtrier histoire pays boff faute erdogan faux cul	negative
attentat ankara erdogan pointe dã©jã  pkk dhkp enquãªte sachant anti kurde plutã´t auteur	negative
turcs insultent noms erdogan attentat ã  ankara disent pkk tuã© soldats	negative
visite dâ€™erdogan ã  bruxelles malaise coulisse buzz video	objective
visite dâ€™erdogan ã  bruxelles malaise coulisse buzz contrarier visiteur marque	negative
turquie prã©sident erdogan accusã© lendemain attentat ankara inews voir loin inews	objective
bfmtv erdogan akp besoin tuã© ã©tre pouvoir ans volontã© turques erdogan ã  ã©tait	mixed
ã€ lâ€™inverse ã©lites bachar el assad saurait ãªtre accusã© dâ€™avoir bradã© pays ã  puiss ã©trangã¨res	objective
attentat perpã©trã© samedi capitale turque ã©tã© revendiquã© piste djihadiste	objective
turquie laã¯que mustapha kemal existe vois turquie islamiste erdogan	negative
erdogan dirigeant monde barbare	negative
reportage ã  ankara â€œles policiers attaquã© tentaient dâ€™aider blessã©s â€? erdogan turquie	objective
penser michelle obama ã  bush putain mã¨re mets cul xf cons	negative
erdogan ã  bruxelles presse malmenã©e question ã  poser journaliste menacã©	negative
ga classe connait politique cst erdogan tuã© ca arrange mã©dias manipule	negative
erdogan dispose lâ€™arme ã‰tat islamiq pr effrayer lâ€™ue sâ€™est dotã© dâ€™un arsenal millions rã©fugiã©s syriens	objective
ã‰tats unis bernie sanders cumule donateurs obama approche clinton	objective
â€œqu erdogan compare daech pkk insupportable nâ€™ont mãªme histoire mm actionsâ€? billion turquie min	objective
turquie orhan pamuk critique erdogan aprã¨s attentat kurdes orient jour lorientlejour	objective
gachis solidarite peuple turc frere debarasse dictature militaire parti	mixed
actu monde attaques dâ€™ankara familles enterrent victimes critiquent erdogan	objective
prã©sident charisme faut accuser grand prã©sident grand homme erdogan xff xff	mixed
faute ã  erdogan fermer gueule baisser tãªte accuse xfd	positive
turquie erdogan accusã© ãªtre responsable attentat ankara opposition turque intensifiã© attaqu	objective
marine pen nicolas sarkozy sincã¨re convictions nationspresse	objective
discours valã©rie pã©cresse pavillon baltard militants sarkozy salue rassemblement autour vp	objective
revue presse turquie attentat place erdogan face consã©quences politique	objective
russie ã¨re usa agresseur putin diable obama ange gardien monde	mixed
turquie familles enterrent victimes attentat ankara dã©noncent erdogan levif	objective
rt lemondefr â« attentats dâ€™ankara doute dã©senclaver question kurde â» pkk erdogan akp	objective
voix ã©lã¨venet totalitarisme mr erdogan gilles kepel ankara ouimaisnon radiom	objective
erdogan droit france discours haineux raciste morano blond	negative
jccambadelis morano siã¨gera instances lr sanction prise sarkozy poudre yeux interactiv	negative
erdogan humilie france valeurs offre tribune lehuffpost	objective
profencampagne oublie sarkozy dã©truit milliers poste supprimã© formation initiale	negative
baroin juppã© ã©tã© dã©ception dã©ception soutient trã¨s officiellement sarkozy	objective
air france allã© chercher cahuzac sarkozy lit jean luc mã©lenchon politiveille	objective
pnerval stupide votã© nicolassarkozy jamais sarkozy salaud traã®tre	negative
ministre singapourien gagne salaire obama xf	mixed
erdogan assassin peuple	negative
nâ€™est officiellement candidat dã©jã  duel annoncã© alain juppã© tãªtes	mixed
mã©lenchon gardes ã  vue ã  air france ã©tã© chercher sarkozy lit	objective
vengeance terrible retentit cesse ã  oreille juppã© point repos vengeance sarkozy	negative
politique nicolas sarkozy primaire rã©publicaine sarkozy revenir organisation politique	objective
erdogan tãªte turc dessin jour martin linden	objective
chaises sarkozy fillon chaises ericwoerth letalk	objective
attentat ankara exacerbe tensions erdogan parti pro kurde point lepoint	objective
air france allã© chercher cahuzac sarkozy lit vrauche pathetique xf lepoint	negative
point attentat ankara exacerbe tensions erdogan parti pro kurde rivalitã©	objective
jccambadelis sarkozy crã©dible employait mãªmes termes front national	objective
jccambadelis nicolas sarkozy crã©dible utilise mãªme langage fn	objective
conclusions enquãªte mh amã¨nent allez vlad poutine ã  rã©flã©chir vraiment foutu	negative
primaire ã  sarkozy veut diminuer nombre bureaux vote surpris danger	negative
air france allã© chercher cahuzac sarkozy lit sociã©tã© vã­a lepoint	objective
gouvernement socialiste fier expulser sarkozy hortefeux gueant besson	mixed
poutine bombarde syriens demandã© ensuite plaint attentats ambassade syrie russie	negative
erdoganolatres abonnã©s absents baratins erdogan courageux blablabla	negative
poutine critique manque coopã©ration etats unis syrie normal armã© islamistes	mixed
bfmtv mãªme pro erdogan doutes lã 	mixed
sarkozy prã´ne fin clans ã  fã©dã©ration paris rã©publicains lemondefr sarko jamais rassemblement divise	negative
turquie milliers scandent â« erdogan assassin â»	objective
opposition turque intensifie attaques erdogan	objective
aprã¨s attentat ankara parti prokurde hausse face ã  erdogan attentat meurtrier visã© sam	objective
alerte attentats ankara erdogan ordonne enquãªte ã©ventuelles failles etat romandie	objective
sarkozy croit bureaux votes primaires confiance choix tactique pessimiste curieux	negative
urgent erdogan organisations terroristes mã©chantes cruelles ignobles	negative
attentat ankara prã©sident erdogan ordonne enquãªte ã©ventuelles failles etat cc semsberxwedan	objective
figaro actualitã©s figaro	objective
itele turquie attentats ankara trouvent origines syrie affirme prã©sident erdogan	objective
dã©putã© rã©publicain traite erdogan islamiste cravate valeurs actuelles	objective
attentats dâ€™ankara erdogan admet probables â« fautes â» pouvoir nouvelles lemonde	objective
yannickmoreau traite rt erdogan islamiste cravate manuelvalls valeurs turquie france meeting	mixed
poutine critique manque coopã©ration etats unis donnant informations cibles ei syrie	objective
pro poutine classe dã©tient livre histoire	objective
attentats turquie erdogan admet probables fautes pouvoir	objective
salariã©s voyous dã©fendent emploi dã©fendu droit	positive
obama netanyahu aime voulez trouve traitã© paix onvpsm	mixed
dã©rive nã©o ottomanisme erdogan jeu dangereux	objective
cible critiques erdogan sort silence jours aprã¨s attentat challenges fr challenges	objective
hollande macron collimateur cgt fallait appeler ã  voter hollande crã¨vent	negative
syndicaliste cgt refuse serrer main franã§ois hollande confiance ã  politiciens	objective
syndicaliste cgt refuse serrer main franã§ois hollande confiance ã  politiciens mã‰rite lã‰gion honneur	positive
franã§ois hollande fleur pellerin culture combat	objective
hollande cabosser	negative
hollande rã©publique tchã¨que	objective
hollande condamne violence patronale voir interpellation cgt stx syndicalisme	objective
bfmtv comprend nicolas sarkozy baisse hollande hausse sondages prouvent contraire	objective
image rarissime prã©sident hollande prenant ã  financier pic alexhervaud po st	objective
ã‰change francois hollande sebastien benoã®t cgt ouestfrance dailymotion	objective
arriver appareils imposent peuple choix candidats veux hollande sarkozy	negative
rã©ponse hollande syndicaliste cgt murff groumfff buuhh legrandtimorã©	negative
hollande maudit	negative
aller partout hollande apostrophã© cgt dã©fie gouvernement â€“ metronews	objective
pigeons hollande rsi ã©touffe indã©pendants valeurs actuelles valeurs	negative
primaire rã©publicains nicolas sarkozy trouve surrã©aliste nombre bureaux vote sarkozy	objective
popularitã© franã§ois hollande bondit points ã  octobre nicolas sarkozy inflã©chit points ã 	objective
bygmalion sarkozy â«se dã©fausseâ» â«ne assumerâ» accuse lavrilleux libã©ration	objective
sarkozy relance machine ã  cash donateurs challenges vaccinã©s	negative
euro hollande dommage	negative
hollande absente euro pã©tanque prã©sente jo	objective
hollande vient sortir euro	objective
sarkozy dã©fausse sais assumer accuse lavrilleux libe	objective
sarkozy dã©fausse sarkozy organiser primaires manquerait quâ€™il reproche franã§ais dâ€™avoir culture lâ€™excuse	negative
video syndicaliste refuse serrer main hollande ã  saint nazaire parisien	objective
sondage hollande sarkozy coude ã  coude morano hausse	objective
syndicaliste collabore politique	positive
dã©putã© lesrepublicains yannickmoreau traite erdogan islamiste cravate	objective
franã§ois hollande chantiers stx syndicaliste cgt refuse serrer main franã§ois hollande	objective
octobre jour oã¹ hollande sermonner gros gamin sebastien benoã®t secrã©taire cgt naval	negative
mois primaires hollande ã©tait oui incident dsk doute bã©cassine placard	negative
bruno retailleau retrouve position diplomatique france coups yoyo politique franã§ois hollande	objective
turquie attentat place erdogan face consã©quences politique obs nouvelobs	objective
â« faudrait appeler affaire bygmalion comptes campagne nicolas sarkozy â» lavrilleux lr	objective
jã©rã´me lavrilleux â«nicolas sarkozy mentâ»	objective
lâ€™attaque terroriste dâ€™ankara trouve origines syrie prã©sident erdogan	objective
â« race blanche â» morano monte sondages sarkozy baisse tableau bord ifop fiducial	objective
franã§ois hollande ã  nu russeurope discours parlement europã©en souverainisme vichy	negative
hollande dã©savouã© majoritã© franã§ais incompã©tence crasse ruine france	negative
primaire mauvaise excuse sarkozy veut rã©duire nombre bureaux vote politique lepoint	objective
elysã©e franã§ais juppã© ferait mieux hollande	objective
jã©rã´me lavrilleux nicolas sarkozy ment dã©fausse assumer bygmalion	objective
faire confiance ã  peuple votã© franã§ois hollande	negative
franã§ois hollande ã  nu franã§ois hollande prononcã© jours derniers discours russeurope	objective
exclusif bygmalion jã©rã´me lavrilleux enfonce nicolas sarkozy lenouvelobs politique scoup	objective
interview exclusive bygmalion lavrilleux enfonce sarkozy news	objective
franã§ois hollande ã  saint nazaire cgt refuse serrer main prã©side elysã©e	objective
amis hollande sarko bhl finkiercrault lâ€™an quâ€™ils dã©fendent brã»ler bb palesti	negative
incultes lã  robertboulin bygmalion cm lavrilleux sarkozy fãªteduslip	negative
erdogan ã©voque faille renseignement attentat ankara rts ch	objective
sarkozy hollande fini niveau gaz schiste gds	objective
affaire bygmalion jã©rã´me lavrilleux accuse nicolas sarkozy dã©fausser assumer	objective
â«dans panthã©on valeurs trã¨s important câ€™est responsabilitã©â» sarkozy ump lavrilleux lt	objective
hollande walls macron indecence supprimer retraites departs chapeaux grands patrons	negative
franã§ois hollande chahutã© ouvriers chantiers saint nazaire	objective
hillary attaque ã  poutine tãªte ã  obama faire ferme dirigeant	objective
zapping tv obama ã  vegas mal new york dodgers battu mets soirã©e bonnes nouvelles	positive
poutine critique manque coopã©ration etats unis syrie raison poutine russia niemen rt svp	positive
afpfr erdogan lourde responsabilitã© morale situation actuelle politique kurde syrienne conduit ã  catastrophes	negative
turquie erdogan limoge responsables police ankara terrorisme	objective
prã©sidence turque erdogan diffuse spot tv ã©galitã© homme femme ohwait	negative
poutine critique etats unis question frappes syrie newsrepublic fr content xfd xfd xff	positive
lematin erdogan recueille lieux attentat feu critiques prã©sident turc	objective
rt lemondefr attentats dâ€™ankara erdogan admet probables â« fautes â» pouvoir	objective
laurence bibot ã  propos visite erdogan belgique audio humour	objective
turquie responsables police dâ€™ankara limogã©s aprã¨s lâ€™attentat ankarabombing ankara	objective
turquie erdogan annonce enquãªte probables fautes	objective
ã  yannickmoreau excellente lettre scandaleux monsieur erdogan	mixed
turquie erdogan recueille lieux attentat ankara prã©sident turc recep tayyip erdogan	objective
barack obama incruste ã  mariage temps francois hollande incruste xfc xffb	mixed
erdogan fini pote sauter partie mouton	negative
rigolo kimyongur pro poutine accuse erdogan maux terre condamnation assad dieu	negative
â« obama nâ€™arrive ã  condamner palestiniens actes terroristes â»	objective
turquie fin subventions ã  presse minoritã©s chrã©tiennes	negative
urgent prã©sident erdogan diffã©rence bombe daech exploser ã  suruc pkk ã  gaziantep	objective
jrs atentat ankara prã©sident turc recueille victimes morts blã©ssã©s ei suspect erdogan kebetu	objective
france frappes mois russie jour hollande ouvre bouche poutine agit ei syrie elysee	negative
fusillade obama appelle mã©dias	objective
erdogan suspend hauts fonctionnaires police ã  ankara aprã¨s lâ€™attentat octobre	objective
finale syrie mr poutine russie veut faire guerre ã  turquie gã©nã©raux	objective
infos syrie aviation russe croise aviation amã©ricaine	objective
poutine deposã© loi parlement russe interdit qualifier bible coran ouvrages extrã©mistes russie	objective
poutine dã©fend livres sacrã©s libertã© conscience prã©sident russe bible coran	objective
barack obama annonce dã©ploiement militaires cameroun	objective
poutine commence ã  peur actions terroristes finir passer ã  acte	objective
syrie victoire cathodique poutine libe syrien syria	objective
iphone ã  effigie vladimir poutine ã  partir dollars	objective
boko haram obama envoie troupes cameroun afrique	objective
turquie sã»r pays domination amã©ricaine erdogan commence ã  irriter otan pion fiable ã 	negative
dieu change russie lehuffpost russie ukraine	objective
maire kurde hinis hasan basri firat reprã©sentant kurde ã©tã© emprisonnã©s rã©gime erdogan	objective
poutine nique mã¨res tãªte	negative
afpfr hollande obama faux combattants terroristes menti jour poutine arrivã©	negative
poutine critique etats unis question frappes syrie rfi	objective
poutine soutient assad gouvernement lã©gitime syrie siã©geant ã  onu	mixed
poutine diable russie amour	mixed
prã©sident ã‰tats unis barack obama employeurs ã©ffã©ctive solicitent opinions employã©es	objective
dã©sespã©rã©e mã¨re jeune saoudien condamnã© ã  mort appelle barack obama ã  aide â€” rt franã§ais	objective
bfmtv poutine xff xffa travail face barbare soutenue france usa uk xfe xffc xfe xffc xf	mixed
otan interdite accã¨s ã  caspienne poutine lâ€™otan interdite dâ€™accã¨s ã  caspienne	objective
cameroun partie coalition boko haram mã¨ne mois attentats sanglants	objective
france commet graves erreurs commercer arabie saoudite renie russie prã©texte poutine dictateur	negative
boko haram obama annonce dã©ploiement militaires cameroun imatin civ	objective
washington scã¨ne internationale	objective
syrie cibles terroristes visã©s russes poutine demi mesure hollande otage qatar gesticule	negative
russie semaines syrie ã‰tats unis faire ans	mixed
syrie monde jamais ete eloignã© eme guerre russie mit ombre usa syrie	negative
frappes syrie franã§ais paris fourni preuve agression imminente	objective
djihadistes ã©trangers fuient vraiment syrie irak redã©ploient zones djihad	objective
alliance dirigã©e usa accorde totalement russie consã©quences noires syrie	negative
obama prã©vient poutine impose paix ã  coup bombes gonflã©	negative
obama prã©vient poutine impose paix ã  coup bombes	objective
divisã© rã¨gle syrie turquie pays union turco islamique enrichir russie amf	mixed
intervention russe syrie troisiã¨me guerre mondiale lieu huffpostquebec	objective
nâ€™y porte chinois large syrie	objective
afpfr pã©riode daech existait syrie seules exactions rã©pression venant rã©gime syrien vs civils asl	negative
passe syrie ans video rã©sume	positive
lâ€™ei confrontã© revers militaires terrain iraq syrie trouve vidã©os dã©capitations faire dâ€™elle	negative
milliers syrie chef groupe liã© ã  al qaã¯da tuã© frappe amã©ricaine orangenewsfr	negative
turquie sâ€™occupe rã©fugiã©s syrie preuve leadership peuple turque ã‰cosse lass minutes fraslo omfcl	objective
mensonges destinataires armements us syrie mains atterri	objective
interview syrie lâ€™ arabie saoudite rã©agira ã  lâ€™offensive russe sã©curitã© moyen orient	objective
bombardiers russes dã©truisent blindã©s dã©robã©s ei irak syrie traquer bokoharam	mixed
george galloway explique interview conflit syrie youtube	objective
guerre procuration russie ã‰tats unis syrie courrierrussie	objective
syrie poutine ã  conquãªte religieuse capturer lâ€™ã¢me peuples wordpressdotcom	objective
vraie mise garde shoah slatefr syrie actuellement amã©ricains	mixed
syrie nouvelle attaque surprise sud dâ€™alep lignes jihadistes pulvã©risã©es nationspresse	objective
info arabes russes bcp soldats ei quittent syrie rasent rejoignent flots migrants turquie intervention merckel	mixed
musulmans doiv importuner irak syrie erreurs attarde	mixed
ã©nervez partir syrie prochain ã§a coup boule sachezle barbegã©ante	negative
cohn bendit solutions syrie bachar el assad dailymotionusa	objective
syrie louvre grand arc palmyre ã©tait â«uniqueâ»	objective
minutes comprendre syrie gaz bataille vã­a youtube	objective
israel bombarde gaza pers syrie lieu installer paix cherchent solutions pr faire face migrants	negative
russes dã©truisent centres commandement ei sputnik fr	objective
heures ch syrie pentagone affirme tuã© chef groupe khorasan frappe dh be chef	objective
syrie bataille dâ€™idlib commencã© reseau internat	objective
voix off reinesdushopping jle kiffe barres ã  ã©mission	positive
oser rihanna classe reinesdushopping	negative
jdis reines shopping sens dã©truire reinesdushopping	mixed
camille reines shopping semaine mars mars bowling lomme bowlinglomme reinesdushopping	objective
castingnational pr reinesdushopping munlimited amp klã©pierre centres commerciaux mbadmbtv	objective
cristina exprã¨s savoir franã§ais reinesdushopping	negative
reinesdushopping semaine pleine surprise magnifiiiiqueeee	positive
prã©pare munitions lemeilleurpatissier meilleurpatissier lmp	mixed
philippe candeloro jurã© autiste recette meilleurpatissier	negative
victorartus titoff rigoler candeloro grand moment gã¢teau oublie meilleurpatissier	positive
ã€ cause meilleurpatissier envie manger xfe	negative
jolie alizã©e meilleurpatissier	positive
mindulah trom drã´le ptdr reinesdushopping	positive
grognasse reinesdushopping lã 	negative
putain commentaires sexistes reinesdushopping ã§a manquã© xf	negative
hanches dã‰veloppã‰es pã©tã© cã¢ble christina ptdrrr graisse mounia pfff reinesdushopping	negative
juin manif donne rdv ã  invalides ã 	objective
relire parlã© ivg plaisir fã©minin manif benoã®te groult magazinecheek	positive
direct periscope manif face crs	objective
charlie coulibaly dieudonne condamnã© appel assistã© ã  lâ€™audience	objective
prison sursis dieudonnã© expliquer ã  partir rã©cidives sursis levã©	negative
vidã‰o â€” exclu â€“ alex goude esprit ã  timã©o rã©pond ã  manif aprã¨s onpc	objective
benoã®te groult morte parlã© ivg plaisir fã©minin manif	objective
manif vient dã©couvrir cedh droit franã§ais applique ã  ã©tranger xf changez mecs	negative
donne min trouve combishort short top sac â‚¬ jsuis forte reinesdushopping	mixed
putain dsk fort nooooon jisouifan	positive
idf investit balkany ara militants manif mal faut lã¢cher ã€gauchetoute lã©gislatives	mixed
affaire baupin travail universitaire ã©pinglait â«dsk vertsâ» slatefr	objective
manif marche rejoindront manifestations anti manifpourtous	objective
baupin dsk compagnie ps hasard abusent citoyens cdenquete	negative
dsk bourses vider victoire brexit euref	objective
bourses effondrent brexit ã©tait ã©tat islamique remportã© grande victoire	mixed
fãªte organisã©e veilleurs manif parisien lmpt	objective
groupe ump udi incapable extirper ã©goã¯smes locaux divise choix besanã§on siã¨ge rã©gion bfc plenbfc	negative
hã¢te voir gugus manif dã©filer interdire mourir cause genes	negative
ebene magazine fr libye lâ€™etat islamique acculã© fief syrte libya pro government forces	objective
conseiller rã©gional ump patrick genre insinue peuple suisse raciste critiquant nationalisme rampant plenbfc	objective
syrie offensive etat islamique progresse ã  manbij googlealerts	objective
syrie troubles arrangements lafarge lâ€™etat islamique	objective
franã§ois hollande angela merkel manuel valls alain bonnet soral dieudonnã© marine pen nicolas sarkosy	objective
chef renseignement militaire israã©lien affirme quâ€™ israel sâ€™oppose ã  dã©faite lâ€™etat islamique daech	objective
clip propagande ump traitã© constitutionnel europã©en youtube france ã 	mixed
anonymous amuse ã  pirater comptes twitter jihadistes etat islamique	objective
mois russie envoie etats unis coordonnã©es lâ€™etat islamique ei daech front	objective
av vraiment gros problã¨mes arithmã©tiques ã  ump bygmalion camille nombre chã´meurs augmente sarkozy	negative
lâ€™ã‰tat islamique appelle ã  attaquer berlin bruxelles paralyser europe brexit	objective
â« lâ€™etat islamique perd territoires disparaã®tre dâ€™ici ans â» â€” lemondefr	objective
imaginez parti medias militantisme politique ps ump honteux	negative
gros merdier bordel nom dsk cassã© boite noire prã©sident	negative
ex mannequin canadienne partie combattre ã‰tat islamique	objective
tã©moignage dâ€™abou moussab manque dâ€™intã©rãªt fonctionnement lâ€™etat islamique ancien	objective
oubliã© lr monde mãªmes dã©biles formaient ump	negative
lafarge travaillait lâ€™etat islamique syrie lobs	objective
bhl onpc sang contaminã© sofitel ct lâ€™antisã©mitisme vs fabius dsk con risible obscurcissant oups antisã©mite	negative
flirt ump fn nonobstant risque consanguinitã© trisomique av signalã© fable amante religieuse marine nicolas ju	negative
braves ã  ump ã  carriã¨re perso ã  passer ã  tã©lã© personnage fusible drã´l	negative
mikhail sergachev dã©fenseur spã©cial nâ€™est russe typique souriant logan brown coã©quipier gohabsgo	objective
ans fn passã© peur algã©riens ã  peur ã‰tat islamique	mixed
vladimir poutine visite ã  pã©kin â« alliã© â» international	objective
lâ€™inquiã©tant tã©moignage dâ€™un ancien policier lâ€™etat islamique trudeau couillard espã¨re vs allezlire	mixed
â« passer chrã©tiens â» consigne lâ€™etat islamique dâ€™attaquer infidã¨les	objective
erdogan explique brexit lâ€™islamophobie	objective
erdogan â«le brexit islamophobieâ» epa dirigeants europã©ens rapidement	objective
propos irresponsables valls ã  ã©gard cgt militants semaines rã©sultat dã©gradations siã¨ge cgt	negative
ue perd fortunes ã  cause lâ€™embargo russie francoisfillon ã  lâ€™avoir	mixed
politique erdogan europe tait donne milliards	negative
bmoon bee valls atteint niveau vrai erdogan belle preuve malhonnãªtetã© intellectuelle yekbun	negative
ministre monsieur manuel valls exigeons transparence abattoirs signez pã© changefrance	objective
grave cia enquãªter appuis trudeau ã  ã‰tat islamique prã‰venus	negative
angleterre dã©gage euro taisez russie turquie pourtant ue	negative
ue trouve accord prolonger sanctions russie kpakpatoya	objective
finalement nicolas sarkozy nâ€™est rã©fã©ndum lâ€™europe ã©tait opposã© mois	objective
video brexit nicolas sarkozy envisage rã©fã©rendum traitã© europã©en francetvinfo	objective
point chute popularitã© franã§ois hollande manuel valls stabilise prã©sident	objective
breakingnews jours min sec france libã©rã©e imposteur hollande	negative
bfmtv sarkozy trahi vote franã§ais hollande continu ã  vendre france	negative
hollande entrepris ans faire progresser idã©e europã©enne bilan lã  domaine relã¨ve nã©ant	negative
exceptionnel hollande reã§oit adhã©rents modem manuelvalls dort	negative
russie offre vedette lance missiles ã  lâ€™egypte russie offert samedi vedette ã©quipã©e missi	objective
qd tire dã©libã©rã©m eau palestiniens tape hollande conscience faut armer derniers	negative
impact brexit ã©conomie russe critique sputnik fr	objective
europe chã´mage misã¨re trafic drogue invasion islamiste racisme anti franã§ais viols fhollande coupable	negative
vladimir poutine condamne lâ€™attitude prã©somptueuse londres pouahahh lhopital charitã© frã¨re	negative
jeunes emploi dâ€™avenir menacã©s chã´mage lareunion	objective
honnãªtetã© voteriez dsk prã©sident abstraction erreurs	mixed
marathon postâ« brexit â» prã©sident hollande	objective
coupe monde russie ã§a ãªtre bordel	negative
euro franã§ois hollande transforme supporter irlandais presque photo	objective
merkel acte fin couple franco allemand ã©tait prã©visible hollande lã©gitimitã© ã  gouverner next	negative
franã§ois hollande brexit fidã¨le ã  image	mixed
mãªme sarkozy trouve morano stupide lâ€™est sâ€™y connait rã© prã´nent fuite dâ€™o blã¢mer schiz	negative
enchã¨res minables ouvertes cavalant derriã¨re fn sarkozy donnerait peine mort kamikazes con principe besoin	negative
qd ecoute valls connard casse vitres affaire ã©tat ms supprimer postes ds ls hã´pitaux rã©fome santã©	negative
dialogue ã  dã¨s mercredi soir franã§ois hollande annoncã© quâ€™il rendrait ã  berlin â« semaine	objective
actu russie edward snowden dã©nonce loi â« big brother â» â« surveillance masse â»	objective
turquie veut intã©grer europe honte entretienne relations enf rã© erdogan atatã¼rk retournã©	negative
fn diabolisã© ans mã©diatisã© ans dieudonnã© soral ã©tã© diabolisã©s ã©tã© interdits mã©dias	mixed
ya ka french brexit yes brexitcollaborateurs hollande recasã©s prã©sidentielle fou	negative
lâ€™iphone interdit chine ã  cause dâ€™une sociã©tã© fantã´me	objective
lã©a salamã© raison investiture balkany problã¨me sarkozy onpc	mixed
bfmtv franã§ais ãªtes source malheur europe provoquer guerres exode haine chã´mage zizanie nation	negative
ã  ue laissons foi merkel hollande pratiquer massages cardiaques mort devenus fous brexit hollande ue	negative
olivier besancenot politique commence ã©mission soutien service public poste onpc	positive
lâ€™europe politique aprã¨s brexit georges contogeorgis mediapartleclub	objective
brexit propage ã  travers lâ€™europe italie france hollande danemark veulent rã©fã©rendums	objective
gouvernement calcul politique instrumentaliser euro loitravail olbesancenot onpc france	objective
sarkozy trahi franã§ais ose montrer ã  tv europe filmdhorreur brexit frexit	negative
qqun lancer pã©tition revenir ã©lection hollande facilement dã©passer mã©dias relayeront	negative
rã©fã©rendum brexit tournant majeur politique europã©enne	objective
espace chine lance nouvelle fusã©e â«longue marche â» leparisien fr	objective
valls voit ã©trangle xf xf	negative
bã©nin rã©duit participation ã  multinationale lutte boko haram kebetu	objective
olbesancenot hollande gvt ps lã©gitime ã©tã© ã©lu loitravail couler pays onpc	objective
rã©sident rã©publique hollande trahi promesses campagne ã©tudiants journalistes savent salamã© corrompue onpc	negative
hollande ã©tã© ã©lu enorme connerie payer consã©quences brexit idem moralitã© vote important	negative
bfmtv nicolas sarkozy veut france prenne initiative trã¨s forte initiative prendre prenne porte	negative
loi travail programme candidat hollande sensã©e simplifier complexifier code dã©jã  lourd onpc	negative
onpc besancenot politique professionnels crapules ok vs ns proposez poutou casseurs	negative
politique donne ã  peuple voilã  jugã© histoire donnera place	mixed
russie â€œgarajnikiâ€? symboles dã©brouillardise russe systemed anecdote urss	objective
brexit dã©filã© politiques ã  ã‰lysã©e faire croire prise choses	negative
onpc besancenot donne leã§on ã©conomie politique donner autant importance	negative
osc apprã©cient outil ã©vitã© bã©nin prã©sidentielle googlealerts	objective
dieudonnã© bãªte noire reportage fr youtube	objective
rã©vision liste ã©lectorale cã´te ivoire cnc rã©clame formulaires afrikipresse	objective
rã©vision liste ã©lectorale cã´te ivoire cnc rã©clame formulaires afrikipresse	objective
mãªme mal ã  imaginer hollande remettre coupe ã  lloris peur demain rmclive	negative
emmanuel macron propose projet europã©en post brexit	objective
lâ€™etat islamique annonce lâ€™invasion violente lâ€™europe grã¢ce bateaux migrants brexit frexit stopeu	objective
brexit loin ãªtre catastrophe chance france	objective
sarkozy ã©tais situation proposerais projet points ue	objective
lafarge travaillã© lâ€™etat islamique syrie parents victimes survivants apprecieront	negative
politique recours ps bilan projet regards fr	objective
mal ã  dormir traumatisã© journã©e football ennuyante xf	negative
hollande souhaite europe grand malade eau cou vieux con disait avancer chanson	negative
traitã© europã©en fin sarkozy presse	objective
portugal qualifie face ã  croatie bout ennui lequipe	objective
video euro supporters irlandais danser policiers franã§ais minutes	objective
franã§ois hollande refuse ã  marine pen rã©fã©rendum sortie lâ€™ue actualite	objective
hollande rã©pond brexit proposant europe sã©curitã© populisme mediapart	negative
â« situation ã©conomique pays trã¨s dã©licate taux chã´mage â»	objective
prix navigo cri alarme vpecresse malgrã© promesse valls participer ã  financement taxevalls	objective
financement pass navigo ã  tarif vpecresse menace lancer taxevalls	objective
renato sanches simplement impressionnant live respire football xbd	positive
psg offre incroyable neymar	objective
vladimir poutine condamne lâ€™attitude prã©somptueuse londres	objective
psg â«laurent blanc perã§ois intã©rãªt remplacer unai	objective
trã¨s gros match croates fiers ã©quipe mã©ritais aller loin xff por cro cropor euro	positive
chose sã»re nord irlandais manquer euro walnir nir euro	mixed
ronaldo console modric ã§a fair play foot cropor euro	positive
amã©liorer relations tendues chine taã¯wan comrp	objective
jour lance youtube ã¨re vidã©o truc sã©rieux dã©finir gauche politique	objective
cas euro grandiose sã»r xf	negative
shaqiri homme branlã© tournoi partir mis but euro jouã© xff xffb xff xffb	mixed
euro supporter franã§ais dã©clare flamme irlandais facebook euro	objective
hollande ira bout traã®trise faire passer loi esclavagiste peuple ira bout	negative
bilan sã©curitã© trã¨s satisfaisant prã©fecture aprã¨s cropor ã  bollaert euro	objective
politique brexit david cameron grand pã¨re juif trã¨s ã©tã© apprã©ciã© israã«l	objective
eurosport zã©ro tirs cadre temps rã©glementaires ã©quipe mã©riter carotns	negative
brexit invite campagne lã©gislative espagnole france	objective
portugal euro gagner match cropor	negative
france ã©liminã©e demain regarde euro xfeb xff xf ï¸?	negative
euro â«le rãªve absolu finale france gallesâ» espã¨re chanteur michael jones	objective
vidã‰o deschamps pogba besoin tranquilitã© equipedefrance al	objective
finalement krychowiak psg ã§a dã©range vince janssen doublure cavani feu	mixed
vrai france portugal bashing constant football comprends oã¹ ã§a vient	negative
euro grand question demande franã§ais atteindre ã ux face terminal	objective
deschamps cherche formule ã‰quipe euro fra irl	objective
voir portugal suisse regrets	objective
ã  cro offert jeu ã©motions triste ã§a termine ã§a foot cruel euro	mixed
but quaresma dã©livre portugal vidã©o foot euro	objective
france cherche sortie secours	negative
euro gallois arrachent quart historique douleur	objective
copa america mieux euro copaamerica copa euro parionssport	objective
justice football argentine sacrã©e championne demain copaamerica	mixed
flã©au chã´mage reparti lã©gã¨re hausse devriez pensez ã  crã©er propre business	mixed
anglais voulaient europe politique fã©dã©rale partis faut	objective
replay vendredi reinesdushopping hyper decue fille basique gagnante nadege meritait gagner	negative
qd regardã© ls reinesdushopping rã©veilles paniquã©e milieu nuit parse achetã© sacoche xfad	negative
lã  rentrã©es pub prolo pouvoir augmenter gains udpp reinesdushopping porfra euro	negative
mickaelmiro dam dam dã©o horloge tourne reinesdushopping yehhhhh	mixed
thibaultgiresse niveau mode casquette kombouarã© doudoune gourvennec reinesdushopping	mixed
faustinefb espã©rant reviennes saison meilleurpatissier valises	positive
voix off moque candidate prononce mal must have vaut mieux taire reinesdushopping	negative
idã©e burgerking blois plaindre autoroure con xf	mixed
part gã¢teau burger burgerkingfr xa	objective
enseigne burgerkingfr poursuit dã©veloppement restaurant projet ã  hã©nin beaumont pasdecalais burgerking	objective
cristinacordula imposer miseenbeautã© professionnels trouvent jamais grã¢ce ã  yeux reinesdushopping	negative
cedrocklr audrey bnt prã©fã¨re burgerking	positive
meilleur pã¢tissier reprend mercrediiii youpi meilleurpatissier jecourspourmanger	positive
cristinacordula rois shopping belgique ã‡a semaines attend rtltvi reinesdushopping	mixed
soir meilleurpã¢tissier cyril lignac mercotte xffa	objective
meilleurpatissier commence ã§a fin annã©e lmp	mixed
meuf chiale ã  premiã¨re ã©preuve retrouve psy derniã¨re ã©preuve xf	negative
pã¢tissier derriã¨re ã©glise cc isamergault lmp meilleurpatissier	objective
cã©lestin catastrophe xf	negative
ã‡a ãªtre tendu regarder lmp pã¢tisserie xf	negative
vouloir aller burgerking grenoble ã¨me jour aprã¨s ouverture echec total surblindã© xf	negative
meilleurpatissier xfd	objective
meilleurpatissier soir xfd	positive
mã©tallique concept meilleurpatissier	negative
musiques sims meilleurpatissier	mixed
mercotte arrãªte critiquer mãªme pã¢tissiã¨re meilleurpatissier	negative
salives meilleurpatissier cyrillignac mercotte xf	positive
meilleurpatissier angoisse dã©moulages cuit fini massacrã©s mega gã¢teaux supplice tt ã§a xf	mixed
regarder meilleurpatissier grave apaisant lmp	positive
gã¢teaux halloween dis oui wsh meilleurpatissier	positive
derniã¨re ã©preuve meilleurpatissier donne dsuite envie manger halloween	negative
passã© coupdefoudreajaipur meilleurpatissier ã©preuve halloween suite mãªme ã©motion xf	mixed
cerveau dã©gueulasse meilleurpatissier	negative
jouissifs gã¢teaux halloween lmp meilleurpatissier	positive
fascinã©e gateaux meilleurpatissier	positive
meilleur fin vrai nature meilleurpatissier xb	positive
gã©latine cheesecake hellno meilleurpatissier sacrilã¨ge cyrillignac	negative
faut arrãªter raconter conneries demandã© retirer voile passait ã  ã©mission tpmp meilleurpatissier	negative
laurent claudia burgerking mãªme meilleur blattes mygale oeil kohlanta	positive
pah modã¨rne reinesdushopping	objective
rattrapage ã©missions semaine ã©tait dimanche replay adp koh lanta repley semaine adp kohlanta repley	objective
ploucs dents impression finale koh lanta	negative
benoã®t content mã©rite amplement kohlanta	positive
kohlanta benoã®t dã©gommer xf	positive
damouah abdelkarter mãªme ã§a appliquã© ã§a ã©tais ã©preuve koh lanta ahaha	mixed
benoit koh regarder replay kohlanta ill refait journee xf	positive
omg jeremy koh lanta rt dã©but gloire xf	positive
aimerais ãªtre isolã© ptit moment ã®le dã©serte koh lanta	positive
kohlanta mangent blattes mygales mddrrr ã  seconde oã¹ vois ã§a vois	negative
viens regarder replay kohlanta franchement contente rouge teh	positive
fcg lalibanaize shqip rim agron ã©preuve koh lanta sages esprits passe bonne chance	negative
mdddr koh lanta mm raconte confort mort grave haine	negative
ã©preuve immunitã© candice foutre hs xfd	negative
qd dis histoires amour koh lanta blaguez mdrrr sorti truc ã©tais mdrrrr xf	mixed
trouve chance aime foot regarde walking dead fous kohlanta bref peur	mixed
gwendalaviir koh lanta xddd	mixed
tournage saison prochaine kohlanta commencã© parti ã  jours aventure candidats	objective
thewalkingdead enfait saison koh lanta fin restera	mixed
petit sourire benoit koh candice kl prend totem xfc	positive
gagnant kohlanta thailande	objective
wafa jlaimais koh lanta	positive
the walking koh lanta restera	mixed
friendstrip trã¨s casting dã©part saison friendstrip participation wafakohlanta kohlanta	positive
koh lanta trã¨s dure ã©preuve friendstrip teamfriendstrip emilieamar pauvre cherie	negative
tpmp sos famille amã¨ne koh lanta calmeront vie xd xf	negative
jessica ã©preuves koh lanta serieux voix insupportable lclmvsmonde	negative
cã©lestin parti meilleurpatissier voulais vraiment rester joueur lol	mixed
complã¨tement accord ã©limination olivierminne ã©tait injuste ã©tã© dã©ã§u parte dals tpmp	negative
tpmp adore dals produit divertissant beaux moments tã©lã©	positive
montage musique alliage lã  dals tpmp cyrilhanouna	objective
parlez ahmed sylla lieu dals rit ctv tpmp tpmp	mixed
faut arriver ã  faire coque chocolat meilleurpatissier	objective
tpmp extraits crois regarder dals samedi	positive
bchameroy dals ã§a ã©tã© gã©nial pauvre fini plã¢trã© bout ã¨re xd tpmp	mixed
cyril propos dals dã©but ã  fin tpmp	negative
olivierminne tournã©e dals ã§a intã©resse xf	objective
olivierminne cas toucher dals tf manquer	positive
regarde dals tf karine ferri perso parfaite xfd	positive
mddrr vs parlez chtis marseillais ã©tait koh lanta	mixed
souvenir an fabienne carat brillait parquet dals xfd	positive
olivierminne dommage aimais ã§a fermer gueule rapport ã  disant complots xf	mixed
sens pleurer lã  julienlepers dals xf	negative
jour aimerais venir voir coulisses dals prime sandquetieroff oui ose xf	positive
sylvietellier christophelicat dals tf tf xfa	positive
mariah carey dis oui ouui oui oui julien dals	positive
sã©rieux dã©jã  pub aprã¨s minutes faux suspens dals samedi xf	negative
olivierminne resteras meilleur olivier gagnã© saison dals dã©ã§u vote public xf	mixed
chris ã©tã© vachement dur prime kamel dals	negative
annã©e denitsa canon guise partenaire lucky girl xf	positive
belle presta camillelou off gregoirelyonnet forment duo aime bcp camille potentiel hã¢te voir suite dals	positive
tjrs regardã© dals pls jamais temps	objective
camillecombal tpmp bchameroy frã¨res ã©taient vraiment ã  mourir rire xf	positive
ã©tã© super choquã©e propos capucine flavie flament tpmp	negative
helloellif nan tweetent insultes capucine tpmp	mixed
htfanzouzes off cyrilhanouna tpmp fanzouzestpmp teambaba bordeaux	objective
maximedereymez olivierminne katrinapatchett dals tf tf verra katrina prime espã¨re samedi espã¨re fort	positive
viite demain retrouver ã©quipe tpmp cyrilhanouna camillecombal gillesverdez isamorinibosc thierrymoreaut jmmaireofficiel	positive
episode benoit koh king kohlanta replay bravolesrouges	positive
benoã®t emilie veut savoir passã© adp adp	objective
connaã®tre fin histoire benoã®t ã‰milie ã§a aprã¨s pub grr adp	negative
pttttddddr hashtag estimeunprixcommecope mtue	positive
vraiment dommage benoit amp emilieadp ã§a fonctionnã© parfaite adp adp	mixed
dã©goutã© benoã®t ã‰milie correspondaient trouve xfa	mixed
aimes camã©ras emilieadp adp tl rã©alitã© autour adp	negative
rt teleloisirs ã©tait ã  aise camã©ras mãªme principe ã©mission pourtant adp	negative
camillelou off rayonnã© parquet dals semaine derniã¨re xfc	positive
viens tema replay koh lanta jsuis content benoã®t mit quenelle	positive
connasse aime chasse adp	negative
sortir emilie risque tromper prã©nom astuce adp	mixed
saison goujat choix adp adp	negative
punaise col polo mec adp adp	negative
benoã®t col relevã© ã©tait sympa roberto ã  ã©poque lã  fini adp adp	negative
adp adp ã§a apportã© ã©mission benoã®t rã©ponse vie ã©norme	positive
ã©pisode dã©jã  fini adp adp	mixed
dragoole trouver enfant stars aprã¨s tpmp	objective
htfanzouzes off cyrilhanouna tpmp fanzouzestpmp teambaba albi ã©videmment xfd	positive
tpmp cyrilhanouna content babatourdefrance viens sud perpignan kiffe xfe	positive
lose croyais verrait monde su ca durer ã  noã«l adp adp	negative
jeremiiah coup replay pub lirais tweet indissociables adp xf	positive
semaine prochaine twittos dodo adp adp	objective
enora tpmp enoramofficiel oui critique nulle tã©lã© vendre poisson corse	negative
veux julie koh lanta chante monde veut devenir cat lt	mixed
karinelmoff rire adp lesgrossestetes deviens indispensables xf	positive
prã©fã¨re quotidien tpmp clair net xfc	mixed
cyrilhanouna debut tpmp camille combal veut camille baba xff	mixed
viens apprendre ã©niã¨me bourde capucine anav tpmp voulant savoir foutait tt banaliser viol really xf	negative
ponyshutterbug ã§a verras bã©bã©s nã©s saison eric adp	objective
ãªtre gã©nie intelligent jeanluclemoine xf	positive
emilieadp benoit ã©tã© sympa tahlolm rachoubidou adp adp	objective
fans martialboboy arretent chouiner finir tpmp aiment recyclage	negative
prã©fã¨re denitsaoff bensettirayane aime moin couple laurent denitsa annã©e ï¸?	mixed
beryl kohlanta bã©ryl parcours dã©ã§u parti tã´t	mixed
bonsoir thierrymoreaut voulais savoir oreillette pandant tpmp	objective
manolita oui heureusement tweets avoue ã©clater rire ã©cran bonne nuit ã  adp	positive
tele oui ã  semaine prochaine bonne nuit ã  adp adp	positive
jive kamellemagicien emmanuelleberne belle ã©nergie belle progression adore chanson dals	positive
eeeeeest danse contempo emmanuelleberne kamellemagicien xf	positive
twitter propose hashtags ã©tranges xf	mixed
zape jtombe tpmp melissandre vrai brisã© vie honte mtn oublie ya qqun derriã¨re	negative
soir questions jeanluclemoine chã©ris tpmp	positive
kiffant shopping amoureux reinesdushopping xfd	positive
burgerkingfr dã©guise mcdonalds halloween vraiment excellents niveau comm xfd	positive
bouffã© tarte revenir ã  doctor who dã©so meilleurpã¢tissier fallait faire concours bicarbonate	negative
rentre travail attrape tã©lã©commande mettre meilleurpatissier	objective
arrive ã  reconnaã®tre grimaces cyril lignac genre millimã¨tre aime gã¢teau meilleurpatissier	objective
prã©venu bombasse meilleurpatissier muscle gã¢teaux meilleur programme monde	positive
mignon moutooooon lt meilleurpatissier	positive
burgerkingfr ãªtes magiques xf	positive
vrai super pote castaldi tpmp xfd	positive
benoit koh arrãªtes jesta jesta jesta xf	negative
kohlanta dã©testerais nargue racontant rã©compense ã§a xf	negative
alex veux sacrifier faire alliances rouges xf	mixed
rouges enchaã®nent quenelles xf	mixed
rouges bons stratã¨ges prochain conseil benoit lever ã©teindre flambeau denis brogniart kohlanta	positive
top chorã©graphie denitsaoff laurentmaistret stromaã© xff	positive
vraiment chiante caroline receveur ãªtre fraã®che croire ã©tã© conã§ue iceberg xfd	negative
exprã¨s descendre caroreceveur donner intã©rãªt ã  compet grave dals	mixed
faut sauver damidotvalerie votez prã©fã©rã©s prã©fã©rerais aille xf	positive
triste kamellemagicien aime choses ã  proposer pensã©es ã  emmanuelleberne aime dals	mixed
dals ã©liminations week end grosse blague xf	negative
quandyapastpmpje dis million franã§ais coucheront crã©tin soir tpmp	negative
triste arrãªt tpms ã©quipes mercredi tpmp kif ï¸?	mixed
masochiste ã©crire ã  julie adp adp	negative
manques kamellemagicien talent magicien xfa	positive
jeudi soir direct tpmprassrah cyrilhanouna motivã© jamais ã  faire rire tpmp xf	positive
dites ã  agent bryan content regarder matchs lille oblige ã  regarder psg	negative
teambastianie bastiengrimal tf ã§a veut bastien mouton content ãªtre team teambastien xfc	positive
vs ãªtes ps content paske reprend jeudi attendant week end ds	positive
parti meilleurpatissier xfb	positive
sã©rieux jeux mots meilleurpatissier lã 	negative
hanounightshow content canal dã©jã  regarde quotidien xfe	mixed
demaincestlescoursmais vrais mãªme content retaper dã©lires classe faire chier prof victime xf	positive
abonnã© canalplus content abonnement coã»te bras regarder exclusivitã© hanounightshow signã© bollorã©	mixed
youpi rentrã©e jsuis content	positive
sortir lit froid ã©preuve kohlanta	negative
emilieamar content revenu friendstrip roblin wiild pumpkin xfc	positive
whyirunlesabbesses ami vient courir lã  content xf	positive
matin oã¹ plutã´t content entamã© transition vã©gã©	positive
amours tpmp er talk grã¢ce ã  benji ca passe hanounight presque cryptã© ï¸?	positive
philippesollers trã¨s content leã¯la slimani goncourt ã©crivaine trã¨s crue trã¨s cruelle gallimard	objective
anniversaire jmmaireofficiel tombe soir jeanluclemoine coã¯ncidences magiques vie lt tpmpfamily tpmp	positive
replay meilleurpatissier lmp miiiammm	positive
